id,domain,status,purchase_price,renewal_price,attractiveness,demand,length,registrar,created_at,expires_at,status_verified_at
f87faa50-0f2b-4772-8aef-61cefb21f7ba,allahabad.creditcard,available,144.99,144.99,medium,low,9,namesilo,,,30/09/2026 05:15
26aaf6e5-5377-4c86-b3ca-247649a22cbd,turndown.creditcard,available,9.99,,high,low,9,name.com,,,
d4cb2dcd-6458-4d3b-8c06-d8d712b97246,pat.creditcard,available,144.99,144.99,high,low,3,namesilo,,,27/09/2026 03:00
e64683d8-4b45-4516-b409-0db2d2a8acb8,hours.creditcard,available,125.2,125.2,high,low,5,cloudflare,,,29/09/2026 23:03
720b84c2-bc76-4b07-b478-110d165da81b,giordano.creditcard,available,144.99,144.99,medium,low,8,namesilo,,,30/09/2026 13:25
2f667c51-b19f-437b-9025-20cdc4db152d,dominic.creditcard,available,144.99,144.99,high,low,7,namesilo,,,27/09/2026 03:45
16825b1d-ad3a-469d-a300-816a7e4f12a6,acadian.creditcard,available,156.98,168.98,high,low,7,namecheap,,,16/09/2026 20:29
33c65fe3-a8bc-4241-a736-fb1df94c9232,formosan.creditcard,available,9.99,236.99,high,low,8,name.com,,,18/08/2026 12:16
5a857491-10a0-4a3b-97a7-7888fc678a71,slaughter.creditcard,available,144.99,144.99,medium,low,9,namesilo,,,13/09/2026 08:00
123a6090-10f2-4b58-858b-10c10ab2b9cb,radcliffe.creditcard,available,156.98,168.98,medium,low,9,namecheap,,,27/09/2026 07:53
2de373b2-1544-449e-be76-ad87c06bc284,ungrateful.creditcard,available,144.99,144.99,medium,low,10,namesilo,,,11/09/2026 12:26
1bc6ade3-7908-492a-a298-c9c11d50f8a2,portend.creditcard,available,144.99,144.99,medium,low,7,namesilo,,,21/09/2026 03:29
3abe5d11-f255-4097-8700-b15bc821c6e3,racine.creditcard,available,144.99,144.99,high,low,6,namesilo,,,28/09/2026 02:12
37c3a884-d6e1-4dec-80b6-fee6947cae0c,phallic.creditcard,available,156.98,168.98,medium,low,7,namecheap,,,08/09/2026 18:31
022c1f0f-e928-4229-bfc5-4ad4bf66bcdf,guadalupe.creditcard,available,144.99,144.99,medium,low,9,namesilo,,,25/09/2026 15:36
b27644c0-50dd-4ea3-8868-70820df38e16,tripped.creditcard,available,125.2,125.2,medium,low,7,cloudflare,,,01/10/2026 00:50
95a4dae6-09e1-4bb2-8777-53d5d106c40d,rand.creditcard,available,144.99,144.99,high,low,4,namesilo,,,21/09/2026 10:39
f391c59b-9044-49a6-9281-afdf4c6be34f,gabe.creditcard,available,129.2,129.2,high,low,4,spaceship,,,29/09/2026 09:24
87989608-a2d2-4406-a519-5ca3705dad1b,versed.creditcard,available,144.99,144.99,high,low,6,namesilo,,,13/09/2026 04:29
47346b75-5e37-4e35-80ab-c32e7d784e27,administered.creditcard,available,129.2,129.2,medium,low,12,spaceship,,,29/09/2026 16:19
945d00ab-ecb6-4975-93af-e5566bc8257f,guangxi.creditcard,available,129.2,129.2,medium,low,7,spaceship,,,30/09/2026 21:15
4b121095-819c-4c8d-94de-4c2fda8bcbeb,baseplate.creditcard,available,9.99,,medium,low,10,name.com,,,
d0e1312e-3ee0-4e71-9b4f-56e0a7122015,axilla.creditcard,available,144.99,144.99,medium,low,6,namesilo,,,20/09/2026 07:40
e469874c-4240-4774-b646-af42ba31a477,allow.creditcard,available,9.99,236.99,high,low,5,name.com,,,06/08/2026 09:03
e715ddb1-d20c-4eb9-a4a5-ec305c94adcd,lineages.creditcard,available,129.2,129.2,low,low,8,spaceship,,,28/09/2026 09:04
c0f3d94b-9fae-43d5-8e6d-d93a60117bf3,dexter.creditcard,available,9.99,236.99,high,low,6,name.com,,,14/08/2026 05:26
1e7f568a-fca1-458a-9046-f922797e4a36,genealogic.creditcard,available,9.99,236.99,medium,low,10,name.com,,,18/08/2026 21:22
97a33394-79d1-4c71-b918-f1ef44a15580,compose.creditcard,available,156.98,168.98,high,low,7,namecheap,,,28/09/2026 20:09
1ecdb480-1dc5-4619-9eae-7a81b127bae1,copperhead.creditcard,available,156.98,168.98,medium,low,10,namecheap,,,17/09/2026 18:16
a91eb8ab-06bb-4ff7-9866-379c7cdc6150,astrocyte.creditcard,available,144.99,144.99,medium,low,9,namesilo,,,20/09/2026 17:36
3409d825-51b1-4767-abb6-1b4f12ef7509,carob.creditcard,available,144.99,144.99,medium,low,5,namesilo,,,18/09/2026 06:50
23b9705c-d9a7-435d-aa1f-6e25b55ad188,young.creditcard,available,129.2,129.2,high,low,5,spaceship,,,28/09/2026 09:49
6432e7a8-282a-4f12-b769-3ed44849931e,trick.creditcard,available,144.99,144.99,high,low,5,namesilo,,,22/09/2026 06:28
97325f36-65f7-4821-ac19-87c81f1c5200,gasoline.creditcard,premium,828.2,828.2,high,low,8,spaceship,,,27/09/2026 13:38
ab487f59-c9c4-4b4e-8e66-f80b60ae0131,befuddled.creditcard,available,9.99,236.99,medium,low,9,name.com,,,07/08/2026 11:41
c6c0e61d-1078-4994-9e36-4f5767bdf8bb,pcb.creditcard,available,125.2,125.2,high,low,3,cloudflare,,,28/09/2026 17:13
26b8d9c7-3fd3-4555-a13d-292aa46ed213,craig.creditcard,available,129.2,129.2,high,low,5,spaceship,,,27/09/2026 17:59
ee8a1b82-0c02-4245-9973-7284cf32b29b,checker.creditcard,available,144.99,144.99,high,low,7,namesilo,,,24/09/2026 13:59
e2d301fe-d490-4d1a-951f-bfe65be9dbe4,understands.creditcard,available,125.2,125.2,high,low,11,cloudflare,,,28/09/2026 00:05
ef2ad407-f47c-4cf8-b2b9-b60769d9fecd,netherlands.creditcard,available,,,high,high,11,,,,
bdf6b717-da93-4b14-807f-32704fd2ade7,dachshund.creditcard,available,144.99,144.99,high,low,9,namesilo,,,21/09/2026 17:04
afa49b60-2468-4618-8a4d-a8873ea821d5,abounding.creditcard,available,9.99,236.99,high,low,9,name.com,,,
b6e15162-afef-42d9-a6a4-11ea88ed90a9,blob.creditcard,available,129.2,129.2,medium,low,4,spaceship,,,29/09/2026 02:58
b8477278-e840-47b8-b40d-023a72ee310c,blowy.creditcard,available,9.99,236.99,medium,low,5,name.com,,,10/08/2026 15:47
5fe28604-22e3-47c6-9cc6-91a6658ac865,carpal.creditcard,available,9.99,236.99,high,low,6,name.com,,,11/08/2026 19:34
8933d292-286a-4ebb-93a4-4f3a355a9b98,rented.creditcard,available,144.99,144.99,medium,low,6,namesilo,,,17/09/2026 18:45
f9134311-9557-403c-bbe0-15741940fcb8,chronic.creditcard,available,9.99,236.99,high,low,7,name.com,,,12/08/2026 07:24
02dce122-8f76-447a-bf33-8b861c85dbab,between.creditcard,available,144.99,144.99,high,low,7,namesilo,,,28/09/2026 11:25
443b7bfc-f956-4791-b064-692bfbc67696,blowback.creditcard,available,144.99,144.99,medium,low,8,namesilo,,,21/09/2026 15:28
8237d1b5-b3c7-4c70-8094-5245a3e509d7,yue.creditcard,available,125.2,125.2,high,low,3,cloudflare,,,29/09/2026 18:11
a42b18d9-1bbf-4b75-8240-855b521d7e58,leah.creditcard,available,144.99,144.99,high,low,4,namesilo,,,27/09/2026 07:15
ac5a8d02-461e-4b7e-9a8b-a44ae3c5bfa5,doggedly.creditcard,available,144.99,144.99,medium,low,8,namesilo,,,14/09/2026 13:33
8ebb1409-8ef9-4d12-9707-1a21dc651f22,herpes.creditcard,available,144.99,144.99,high,low,6,namesilo,,,30/09/2026 17:37
87ee8a9a-7ce4-4979-afbe-f4f290c182da,conflicted.creditcard,available,9.99,,medium,low,10,name.com,,,
50d7d956-e24b-4c60-976b-2be5e2599855,jamison.creditcard,available,125.2,125.2,high,low,7,cloudflare,,,29/09/2026 19:25
fcc1c2e0-694a-4171-805e-169ed752fd88,unauthorized.creditcard,available,5.57,133.52,medium,low,12,dynadot,,,28/09/2026 22:49
118a89ce-26b0-48a0-8950-6c99694285d0,landed.creditcard,available,9.99,236.99,high,low,6,name.com,,,22/08/2026 19:22
a1c2b03e-5f8a-4501-9984-9949fc06047d,attacked.creditcard,available,156.98,168.98,medium,low,8,namecheap,,,25/09/2026 20:43
aff2e760-992f-4df2-a489-31484c2ea7d1,persecuted.creditcard,available,144.99,144.99,low,low,10,namesilo,,,30/09/2026 06:36
5eecce51-c1e5-4ac4-8fcd-0a80bab7b170,percy.creditcard,available,144.99,144.99,high,low,5,namesilo,,,25/09/2026 06:59
237dfa40-a9ce-47e0-af19-7d2ae5eec965,basic.creditcard,available,156.98,168.98,high,low,5,namecheap,,,22/09/2026 17:57
79b10a8f-e5b1-4891-bd1a-258e682f2e64,beds.creditcard,available,129.2,129.2,high,low,4,spaceship,,,27/09/2026 18:14
ff93a1cf-e45f-4fe1-9c77-9553f0ed6f71,italian.creditcard,premium,242,242,high,low,7,namesilo,,,22/08/2026 11:36
656deb33-2336-4781-80d9-359b141706d4,vigor.creditcard,available,144.99,144.99,high,low,5,namesilo,,,29/09/2026 22:25
bc0c4834-823d-4130-85ca-b323ef66a486,medina.creditcard,available,144.99,144.99,high,low,6,namesilo,,,18/09/2026 01:29
29129ca6-801f-4cc5-9e60-ff7d87cbfc53,swindle.creditcard,available,144.99,144.99,medium,low,7,namesilo,,,14/09/2026 07:52
32a3f2b0-2a20-431d-aee6-5fc571d83725,aslant.creditcard,available,9.99,236.99,medium,low,6,name.com,,,07/08/2026 03:56
8218a35a-99bf-4e4f-b9a0-e128a614fc9a,freud.creditcard,available,125.2,125.2,medium,low,5,cloudflare,,,28/09/2026 09:49
45a98f62-3d0a-4124-8b23-127913233eb1,sent.creditcard,available,144.99,144.99,high,low,4,namesilo,,,19/09/2026 16:10
d4002b00-caf5-45a0-b0fe-2ec3432a5644,grandpas.creditcard,available,144.99,144.99,medium,low,8,namesilo,,,21/09/2026 09:18
b81e9530-c408-4a4e-bbf4-bc3837171aa9,dutchess.creditcard,available,129.2,129.2,high,low,8,spaceship,,,29/09/2026 21:34
1d284f66-45ef-476e-9824-4486a1c38570,strindberg.creditcard,available,156.98,168.98,medium,low,10,namecheap,,,21/09/2026 03:49
4bad2f78-fd7f-4b43-80a8-26bb53ef0bbc,bearded.creditcard,available,9.99,236.99,high,low,7,name.com,,,08/08/2026 16:05
16055d66-9277-4528-a8ee-7bcd512a9917,bosh.creditcard,available,144.99,144.99,medium,low,4,namesilo,,,21/09/2026 23:47
c6a5e224-bcc0-4bf8-9f88-80053e9a7eec,bangalore.creditcard,premium,242,242,high,low,9,namesilo,,,22/09/2026 01:45
5764260e-3820-471f-8dee-eb0732361e32,prepare.creditcard,available,144.99,144.99,high,low,7,namesilo,,,27/09/2026 10:25
bd454c28-68f7-4621-b215-df0a83558f0a,abnaki.creditcard,available,9.99,236.99,medium,low,6,name.com,,,
57d0435a-e380-4074-aa18-4b236c0e0676,underground.creditcard,available,144.99,144.99,high,low,11,namesilo,,,26/09/2026 00:51
c7e20b4c-6af7-46cc-adc0-61951c2f7378,nickname.creditcard,available,144.99,144.99,high,low,8,namesilo,,,24/09/2026 11:25
42a30128-78cb-4353-9579-1bd29775929a,pits.creditcard,available,129.2,129.2,low,low,4,spaceship,,,28/09/2026 23:33
d4a3ef8a-1a9c-4b8e-957a-b18276059d3c,jamie.creditcard,available,156.98,168.98,high,low,5,namecheap,,,25/09/2026 17:50
85c4b56e-9988-4a77-827e-e49b80716f73,menopausal.creditcard,available,9.99,236.99,medium,low,10,name.com,,,24/08/2026 20:15
11f1414c-1b3b-4500-8059-eea1faee080a,wes.creditcard,available,144.99,144.99,high,low,3,namesilo,,,26/09/2026 03:32
abb08dbe-5f9e-4b57-ba3a-467dd0494cbe,cyclonic.creditcard,available,9.99,236.99,medium,low,8,name.com,,,13/08/2026 13:42
55fb3843-8974-4f20-966d-eb63078ea44c,tuck.creditcard,available,125.2,125.2,high,low,4,cloudflare,,,28/09/2026 15:12
289978ca-e6c1-461e-b64e-01c80a59a5d4,oversewn.creditcard,available,144.99,144.99,medium,low,8,namesilo,,,04/09/2026 21:48
fc3e29bf-23f5-49d8-b96b-a6a90bd302df,servo.creditcard,available,144.99,144.99,high,low,5,namesilo,,,10/09/2026 04:57
c05f60ec-9aa8-4594-bc2f-be191c1943bd,igg.creditcard,available,129.2,129.2,high,low,3,spaceship,,,30/09/2026 01:57
896ef84f-2d06-461c-b5c0-240a9b21b7c7,praises.creditcard,available,144.99,144.99,medium,low,7,namesilo,,,19/09/2026 00:10
8817ae30-0440-4f75-8000-3254e54e15bb,cooperative.creditcard,available,5.57,133.52,high,low,12,dynadot,,,29/09/2026 02:51
59afbba3-22a4-494c-9f2d-85798f8779a4,spelling.creditcard,available,129.2,129.2,high,low,8,spaceship,,,28/09/2026 03:07
f03e5c7d-a743-430c-b68e-4402fbd3f064,envelope.creditcard,available,144.99,144.99,high,low,8,namesilo,,,25/09/2026 22:36
0f6f3eac-44e8-4fcf-b040-24b632033b12,ataractic.creditcard,available,9.99,236.99,low,low,9,name.com,,,07/08/2026 12:44
9e42cd11-2ee4-4689-acaf-075615f3c94f,monastic.creditcard,available,9.99,236.99,medium,low,8,name.com,,,12/08/2026 11:57
75169e0f-e841-4789-b05f-2d4b126e7d43,formerly.creditcard,available,144.99,144.99,medium,low,8,namesilo,,,24/09/2026 15:13
4103d1ca-8143-43df-8cb1-851b5c06bba6,aloud.creditcard,available,156.98,168.98,high,low,5,namecheap,,,25/09/2026 14:25
91d26261-ea60-46ba-98fe-66df12e1d3fe,disdain.creditcard,available,144.99,144.99,medium,low,7,namesilo,,,24/09/2026 17:41
b3e267b6-5acc-4b12-976e-64e4700970ee,enjoyable.creditcard,available,9.99,236.99,high,low,9,name.com,,,17/08/2026 09:17
d6c4d098-9ebc-484b-b9f3-a881ac9b1e75,nutcase.creditcard,available,9.99,236.99,medium,low,7,name.com,,,13/08/2026 05:36
81764703-b6d5-4102-ae2d-29f85c282d69,actuarial.creditcard,available,9.99,236.99,high,low,9,name.com,,,
0201e9ef-aed3-4ed3-a614-1fb1a54ce6e3,palm.creditcard,available,129.2,129.2,high,low,4,spaceship,,,30/09/2026 02:14
3a53f876-8661-4cd9-a794-5977c890953a,appal.creditcard,available,144.99,144.99,medium,low,5,namesilo,,,18/09/2026 01:52
13b48d34-6131-471d-af67-8b8fd943f877,napoleonic.creditcard,available,144.99,144.99,medium,low,10,namesilo,,,03/09/2026 13:00
2da8802f-f9a5-4e47-aa8a-e93b0c7dd1f4,sheepshead.creditcard,available,156.98,168.98,medium,low,10,namecheap,,,20/09/2026 02:29
ec9033fa-fb2d-4794-871b-043dcd0494f7,rabbits.creditcard,available,129.2,129.2,medium,low,7,spaceship,,,28/09/2026 05:05
a5f2186d-8b45-438c-80b4-1e26bfa56684,atkins.creditcard,available,156.98,168.98,high,low,6,namecheap,,,25/09/2026 17:28
24501553-53d4-44b3-83f4-f8c8f1862ef0,amy.creditcard,available,144.99,144.99,high,low,3,namesilo,,,25/09/2026 16:39
ae480b63-382c-4c23-80b4-49d535e1167e,tension.creditcard,available,156.98,168.98,high,low,7,namecheap,,,27/09/2026 14:38
4c8f0fd5-4219-4913-b2c9-7a5338c30b7a,demonstration.creditcard,available,9.99,,high,low,13,name.com,,,
180e2a55-722e-4b74-992c-85a9e634b081,characterized.creditcard,available,125.2,125.2,low,low,13,cloudflare,,,30/09/2026 23:27
86b8b497-8476-45ce-ad0b-67525ed27a03,downs.creditcard,available,129.2,129.2,medium,low,5,spaceship,,,29/09/2026 09:11
ef404f0e-58d1-45d0-9586-6b3b97b77ff9,benzine.creditcard,available,144.99,144.99,medium,low,7,namesilo,,,23/09/2026 08:53
627a52d9-87e4-45e9-911a-d3edaa8f6536,backtalk.creditcard,available,144.99,144.99,medium,low,9,namesilo,,,21/09/2026 14:51
def4c4a1-26a9-48f9-b8b6-8d74b34a4b96,scarlet.creditcard,available,9.99,236.99,high,low,7,name.com,,,10/08/2026 15:12
0b11bc03-3a06-404e-b181-3855e6f3343b,senescent.creditcard,available,9.99,236.99,medium,low,9,name.com,,,
5c8f1cbe-6d69-4974-9fdb-810c2071fee3,chattering.creditcard,available,5.57,133.52,high,low,10,dynadot,,,30/09/2026 16:43
f8061e75-3342-4c20-8cad-1537b7d6188c,mev.creditcard,available,125.2,125.2,high,low,3,cloudflare,,,29/09/2026 10:55
da31ce67-1d7a-4418-b849-665c55357c17,dignitary.creditcard,available,125.2,125.2,high,low,9,cloudflare,,,29/09/2026 14:54
153bbba8-b0b4-49e5-a47e-da2a7c4b21a7,higginson.creditcard,available,144.99,144.99,medium,low,9,namesilo,,,01/10/2026 02:35
25b9e53f-c943-482d-b18f-efb862946aed,coy.creditcard,available,144.99,144.99,high,low,3,namesilo,,,24/09/2026 01:10
cef893a4-4c5d-45e1-9b0c-b60226b511d8,mellow.creditcard,available,9.99,236.99,high,low,6,name.com,,,22/08/2026 18:52
fd1b1ec6-26f3-4da2-91ad-3fbfefcf7120,specter.creditcard,available,144.99,144.99,high,low,7,namesilo,,,08/09/2026 18:41
926b12e6-8454-42e1-a2f0-66ba5c8d4fdd,nassau.creditcard,available,144.99,144.99,high,low,6,namesilo,,,29/09/2026 07:05
34c2235a-cad5-4daf-8b98-407102aa5af6,mixing.creditcard,available,125.2,125.2,high,low,6,cloudflare,,,29/09/2026 10:24
eb1f372e-0757-413d-9ebe-07412e150a69,sleeveless.creditcard,available,9.99,236.99,medium,low,10,name.com,,,10/08/2026 19:41
2fd15345-69c5-4523-942e-de689e61f486,redundant.creditcard,available,9.99,236.99,medium,low,9,name.com,,,17/08/2026 16:08
e0d48bde-8865-4cff-bb5e-cd0b2fb4c5a9,blackening.creditcard,available,9.99,236.99,medium,low,10,name.com,,,13/08/2026 18:12
b41f50cb-0590-4b99-8c77-24e7f2a0e07e,sofa.creditcard,available,156.98,168.98,high,low,4,namecheap,,,24/09/2026 18:34
30c10d43-3fb3-4f65-8cc2-e9442b77c054,xxix.creditcard,available,9.99,236.99,medium,low,4,name.com,,,
4ca5a6b3-a3b1-4bda-bb2e-4176945cbaab,dogfish.creditcard,available,156.98,168.98,high,low,7,namecheap,,,18/09/2026 21:24
b3f38f2f-3f99-433c-8944-5e911d3ddb64,outboard.creditcard,available,156.98,168.98,high,low,8,namecheap,,,04/09/2026 18:55
e036c57c-f9eb-479d-aec0-effa9f43540d,auxetic.creditcard,available,9.99,236.99,medium,low,7,name.com,,,07/08/2026 21:28
d1440031-59e5-4950-a617-7f86f26764d7,kaye.creditcard,available,129.2,129.2,high,low,4,spaceship,,,28/09/2026 04:47
85c1670a-07ac-41a6-988f-7e992af96690,finitely.creditcard,available,144.99,144.99,medium,low,8,namesilo,,,14/09/2026 18:35
f4c7caba-1b72-4543-8669-61050280fff2,glorified.creditcard,available,9.99,236.99,high,low,9,name.com,,,11/08/2026 17:29
5b329d39-c4ae-402e-bc5c-017453a18ddb,beldame.creditcard,available,144.99,144.99,medium,low,7,namesilo,,,23/09/2026 04:46
cd1490c9-5a22-4e9b-add6-9c3eba4e6d62,reliably.creditcard,available,144.99,144.99,high,low,8,namesilo,,,14/09/2026 11:46
f52e0b65-4971-4a9b-8ff4-653de0a6f5cf,scupper.creditcard,available,144.99,144.99,medium,low,7,namesilo,,,18/09/2026 17:30
5c1fa94e-f4a0-48a4-b2bf-0d7bedfa555f,armand.creditcard,available,144.99,144.99,medium,low,6,namesilo,,,28/09/2026 07:26
10e0bcd5-d6f3-464e-a35d-a28d45eb10fc,jointly.creditcard,available,125.2,125.2,medium,low,7,cloudflare,,,28/09/2026 14:08
b2d1cea4-d90f-446c-adc4-bf715897b8b8,dark.creditcard,available,156.98,168.98,high,medium,4,namecheap,,,24/09/2026 04:29
8a9f3e31-99ee-4046-a53d-d5a554e68b10,gritty.creditcard,available,9.99,236.99,medium,low,6,name.com,,,12/08/2026 14:03
97d38c20-62e5-45f9-8736-b4e7e5bfa24a,carryforward.creditcard,available,144.99,144.99,medium,low,13,namesilo,,,16/09/2026 06:47
98aa6c85-fbcc-4fc5-88ac-1ec6c8b00b34,gladly.creditcard,available,9.99,236.99,high,low,6,name.com,,,17/08/2026 20:47
911cdb89-4f9b-4405-864b-4fef3ad6f452,tran.creditcard,available,156.98,168.98,high,low,4,namecheap,,,29/09/2026 03:38
65f54548-8cd4-4e43-9f90-25d493fd8660,querier.creditcard,available,156.98,168.98,medium,low,7,namecheap,,,20/09/2026 14:26
6a1774d6-4f1e-4213-848a-17f3da62ed37,wire.creditcard,available,144.99,144.99,high,low,4,namesilo,,,29/09/2026 05:42
2fcc726b-113a-4bf6-8cbd-9dcfcc171092,europium.creditcard,available,144.99,144.99,medium,low,8,namesilo,,,20/09/2026 23:26
1a7652ee-d413-411a-83c8-f78d92263dd5,frothy.creditcard,available,9.99,236.99,medium,low,6,name.com,,,11/08/2026 07:22
5814a9e3-a7d1-48f8-90d3-10bda4695d25,consequence.creditcard,available,144.99,144.99,high,low,11,namesilo,,,28/09/2026 15:40
fe5a4d75-5b82-4537-a4d2-3433875af60f,substantial.creditcard,available,9.99,,high,low,11,name.com,,,
99906c4f-873c-473d-9507-4d7a642fa0c1,uml.creditcard,available,9.99,,high,low,3,name.com,,,
fc44e4ec-4c33-485b-a42c-d7b155a5fc7f,structurally.creditcard,available,156.98,168.98,medium,low,12,namecheap,,,17/09/2026 20:10
4a9d2c6f-723a-42a2-bd4e-f21a7e31a36d,tyranny.creditcard,available,156.98,168.98,medium,low,7,namecheap,,,16/09/2026 18:02
2d6b58b3-db6d-4ad2-870a-5c8d6d43e995,tremulous.creditcard,available,144.99,144.99,medium,low,9,namesilo,,,09/09/2026 07:46
e4737b06-c9f8-428a-84b7-eb3988a98c7e,involved.creditcard,available,144.99,144.99,high,low,8,namesilo,,,25/09/2026 11:16
fa200431-8fc0-4442-9e77-1adbf64e860e,developmental.creditcard,available,5.66,129.25,medium,low,13,porkbun,,,29/09/2026 02:36
5e7eeb5e-ec88-44c6-9998-8fa578921e08,redevelopment.creditcard,available,129.2,129.2,medium,low,13,spaceship,,,01/10/2026 03:37
ca9e36e8-bde1-4c05-8a14-f4daf4557a5c,tickle.creditcard,available,144.99,144.99,high,low,6,namesilo,,,11/09/2026 15:31
513ba6d7-0072-4721-adf0-b83f24ac7002,venerating.creditcard,available,144.99,144.99,high,low,10,namesilo,,,09/09/2026 16:09
7c517ca8-1424-4943-8e41-330c848aeb16,casualties.creditcard,available,144.99,144.99,medium,low,10,namesilo,,,27/09/2026 21:53
93230426-7574-4d63-8a72-57e3236fa591,stopgap.creditcard,available,9.99,236.99,medium,low,7,name.com,,,24/08/2026 13:27
f8fdbb80-e8e4-429b-9200-08e919c7b88a,anderson.creditcard,available,144.99,144.99,high,medium,8,namesilo,,,19/09/2026 04:34
bed172df-d5ef-4f86-8070-db39201fe8d5,electron.creditcard,available,129.2,129.2,high,low,8,spaceship,,,29/09/2026 18:44
1e8c7b85-b100-41bb-a15b-29b0f71a2a78,sephardic.creditcard,available,144.99,144.99,medium,low,9,namesilo,,,30/09/2026 06:25
33448ee1-41c6-473d-b5ca-8708d381fa28,germinal.creditcard,available,9.99,236.99,medium,low,8,name.com,,,18/08/2026 22:49
b5e8d4e7-49e4-492d-8ddd-5a765b0fa775,moshe.creditcard,available,156.98,168.98,medium,low,5,namecheap,,,28/09/2026 12:12
cb954441-4293-4c99-8eda-ea3d8b14b011,tcr.creditcard,available,129.2,129.2,high,low,3,spaceship,,,30/09/2026 05:05
d96d1952-a10a-469f-b11a-1d33b43f8ff9,forgiving.creditcard,available,156.98,168.98,high,low,9,namecheap,,,21/09/2026 14:52
25366655-106c-4e42-934a-55a60b5d842a,over.creditcard,available,144.99,144.99,high,low,4,namesilo,,,22/09/2026 00:56
5a952cbb-a64d-4971-9035-8e0d2c0356ee,disraeli.creditcard,available,144.99,144.99,medium,low,8,namesilo,,,23/09/2026 08:17
6c2ba023-a4de-4efd-b50c-e78367c9c80a,ariel.creditcard,available,125.2,125.2,high,low,5,cloudflare,,,28/09/2026 07:27
679963e9-fefd-430f-8be0-5aa2fae79b80,formulated.creditcard,available,9.99,236.99,high,low,10,name.com,,,18/08/2026 12:22
b0088959-e4ef-480a-b622-1cafb67f2a8c,benito.creditcard,available,129.2,129.2,medium,low,6,spaceship,,,27/09/2026 19:23
7579871c-3ba8-427d-9a1b-7f405af00560,indecorous.creditcard,available,9.99,236.99,medium,low,10,name.com,,,22/08/2026 02:18
25c15fe0-10d4-4c2e-acde-d109ebd22024,charlie.creditcard,available,156.98,168.98,high,medium,7,namecheap,,,25/09/2026 18:14
caef253c-2070-411e-a0d6-f061c01749c5,interview.creditcard,available,125.2,125.2,high,low,9,cloudflare,,,29/09/2026 11:18
0a173ea7-3b42-4803-b140-5f8613884fa8,prow.creditcard,available,9.99,236.99,medium,low,4,name.com,,,18/08/2026 11:28
e67b35e9-0643-4160-8c05-5a864b9ca434,prototypes.creditcard,available,125.2,125.2,medium,low,10,cloudflare,,,30/09/2026 23:24
987c65dc-5b84-480c-af42-92625d93b62e,fuller.creditcard,available,144.99,144.99,high,low,6,namesilo,,,29/09/2026 11:47
5c46718a-2c69-49fd-bc98-aa4c5aa941b1,basal.creditcard,available,9.99,236.99,medium,low,5,name.com,,,08/08/2026 21:24
6d4c3b87-0ef4-4b0b-ac2c-fa9227574bdc,biochemist.creditcard,available,144.99,144.99,high,low,10,namesilo,,,23/09/2026 17:44
f9e5b605-c231-475c-bc8b-be1ae992f57f,kroeber.creditcard,available,156.98,168.98,medium,low,7,namecheap,,,18/09/2026 06:35
110fb2b8-8138-4981-8466-b5d0f75c1d42,axenic.creditcard,available,9.99,236.99,medium,low,6,name.com,,,08/08/2026 01:51
79c717b7-987a-47cc-86e2-61c5bf8a7f6c,legends.creditcard,available,129.2,129.2,high,low,7,spaceship,,,28/09/2026 18:05
da5eb4dc-8721-4f73-824c-be5ef06bff30,sappy.creditcard,available,9.99,236.99,medium,low,5,name.com,,,12/08/2026 14:56
f8f9ba40-11a7-480c-8ba4-00023ee7b0d2,madrid.creditcard,premium,260,260,high,low,6,namecheap,,,29/09/2026 06:59
8b45a882-15fc-4c72-a1f3-590650a992b3,nonvisual.creditcard,available,156.98,168.98,medium,low,9,namecheap,,,03/09/2026 21:06
75b789b0-fc0b-4633-8480-c9ac1fa75774,tillers.creditcard,available,144.99,144.99,medium,low,7,namesilo,,,20/09/2026 14:06
2cdcb041-15e2-4219-8e3c-dee4407d3b08,glial.creditcard,available,9.99,236.99,medium,low,5,name.com,,,20/08/2026 14:24
98cfb590-6976-400a-b150-ba3e248009cb,overactive.creditcard,available,9.99,236.99,medium,low,10,name.com,,,21/08/2026 16:42
fce7428c-eea3-436b-b1f2-ad0dbd88fd12,bagpipe.creditcard,available,156.98,168.98,high,low,7,namecheap,,,21/09/2026 18:26
371cad80-dbe2-49a7-a6bc-76ad370a9323,foolishly.creditcard,available,156.98,168.98,medium,low,9,namecheap,,,14/09/2026 19:22
1ba2b6ee-08d5-4526-b6ae-eb35be2f4a15,contestant.creditcard,available,9.99,236.99,medium,low,10,name.com,,,14/08/2026 12:45
bc58c79c-4352-4f16-81e7-53cda7f8f849,git.creditcard,available,9.99,236.99,high,medium,3,name.com,,,11/08/2026 09:25
40de1d57-2997-4f9d-bda0-296d5e517469,aneuploid.creditcard,available,9.99,236.99,medium,low,9,name.com,,,
cf89abd8-11be-4dbc-8fce-b645c0c48d4d,fourscore.creditcard,available,9.99,236.99,medium,low,9,name.com,,,
06d84bf2-ceba-4e95-afdb-2f0f9f14a3b6,navarro.creditcard,available,144.99,144.99,medium,low,7,namesilo,,,28/09/2026 08:00
26b6fade-2545-4c05-8076-e66ceec185c8,lenin.creditcard,available,125.2,125.2,high,low,5,cloudflare,,,30/09/2026 17:54
f0794910-3268-4bdc-bdf1-f39d9a424a00,serially.creditcard,available,144.99,144.99,medium,low,8,namesilo,,,16/09/2026 01:08
152ace08-9baf-4332-bd43-4d89bc0689c7,isaacs.creditcard,available,156.98,168.98,high,low,6,namecheap,,,29/09/2026 10:02
8117cd8e-0872-4073-b6a3-8ee731d3f053,signatures.creditcard,available,144.99,144.99,medium,low,10,namesilo,,,28/09/2026 23:59
94acbb75-148e-499e-a16f-9e4d08cdff18,resultant.creditcard,available,9.99,236.99,high,low,9,name.com,,,
a9563e32-fe31-411a-a94e-5446767152cd,frankel.creditcard,available,144.99,144.99,medium,low,7,namesilo,,,29/09/2026 15:47
bda0d862-397e-4a84-ade8-51b7dc5f4ba0,unchecked.creditcard,available,144.99,144.99,medium,low,9,namesilo,,,12/09/2026 04:32
cb08e015-3f8e-4281-906a-78e26f6c983e,vos.creditcard,available,5.66,129.25,medium,low,3,porkbun,,,29/09/2026 17:24
6fe3eba1-b6f0-49aa-9160-af8f8ec5f5d6,burbly.creditcard,available,9.99,236.99,medium,low,6,name.com,,,11/08/2026 10:14
73961f4e-295e-45f0-9872-7c134354c846,avenged.creditcard,available,9.99,236.99,high,low,7,name.com,,,07/08/2026 22:35
2cf75881-8f02-404b-b389-7871643b64de,frustrate.creditcard,available,156.98,168.98,medium,low,9,namecheap,,,24/09/2026 12:25
bc64cee2-6a44-4798-a67c-5a4dd7935a5b,colleges.creditcard,available,129.2,129.2,medium,low,8,spaceship,,,29/09/2026 05:34
7647380c-1b15-4d45-9c75-d050c9f33a8b,advice.creditcard,available,129.2,129.2,high,low,6,spaceship,,,28/09/2026 19:02
4eb0d3e2-43ee-4440-ac76-8de9f15931bb,marang.creditcard,available,144.99,144.99,medium,low,6,namesilo,,,20/09/2026 12:01
dc1fc941-4d7a-47b1-b514-17f46b9c69f5,subdue.creditcard,available,144.99,144.99,high,low,6,namesilo,,,11/09/2026 07:44
aba3b208-bc5e-4d40-ab74-0b479c59d273,smarter.creditcard,available,144.99,144.99,high,low,7,namesilo,,,29/09/2026 10:30
cfeaee2c-2af0-4734-9911-e45facdb1b5c,pittsburgh.creditcard,premium,207.2,207.2,high,low,10,spaceship,,,30/09/2026 06:55
72d927b3-c86f-4bae-8e92-75cdd4cb9c85,antibiotics.creditcard,available,144.99,144.99,low,low,11,namesilo,,,28/09/2026 13:28
ed434ee2-bb46-4837-a446-ad5357c933ad,dubnium.creditcard,available,144.99,144.99,medium,low,7,namesilo,,,20/09/2026 22:04
9c32178b-fc84-4def-8f57-a2947f3abc45,amazed.creditcard,available,144.99,144.99,high,low,6,namesilo,,,22/09/2026 03:33
d4a22bae-ce8d-40d5-b015-2051da5877f8,randolph.creditcard,available,144.99,144.99,high,low,8,namesilo,,,25/09/2026 14:59
cd2b1cb0-ffad-4da6-96e6-e423aee3fffb,rigour.creditcard,available,144.99,144.99,medium,low,6,namesilo,,,20/09/2026 14:57
65052f6d-988a-4c19-bf46-af6b9e45f71e,migraine.creditcard,available,129.2,129.2,high,low,8,spaceship,,,30/09/2026 01:52
e8a9ddff-493e-499b-adb3-8684d01b3881,dialogue.creditcard,available,156.98,168.98,high,low,8,namecheap,,,24/09/2026 22:11
fe027c90-df2f-4d99-b8f6-0a61ab7abc17,polythene.creditcard,available,125.2,125.2,high,low,9,cloudflare,,,30/09/2026 07:10
f37161fd-dafc-4254-9b78-756338bddb71,brumous.creditcard,available,9.99,236.99,medium,low,7,name.com,,,11/08/2026 06:49
b02c4058-72c4-452f-b1f7-555019846cf8,rejoin.creditcard,available,5.66,129.25,high,low,6,porkbun,,,30/09/2026 10:07
d1513950-6b2a-4385-a51f-ced115648b3d,lattices.creditcard,available,125.2,125.2,medium,low,8,cloudflare,,,30/09/2026 07:03
89e32b7b-6b85-4739-9161-78521d2025d4,amr.creditcard,available,129.2,129.2,high,low,3,spaceship,,,29/09/2026 22:13
c54760dd-5d2e-4aff-b58c-8b3cf8903b2b,promised.creditcard,available,156.98,168.98,high,low,8,namecheap,,,17/09/2026 11:24
2b0090e9-35df-4c3f-97f5-5658911c2b01,bantam.creditcard,available,9.99,236.99,medium,low,6,name.com,,,08/08/2026 14:01
892cd758-a4cf-4902-9be5-db9d0df60c94,sejm.creditcard,available,129.2,129.2,high,low,4,spaceship,,,30/09/2026 20:42
e184adfe-5eef-4eab-8ee5-3a3c1ee717cf,dateless.creditcard,available,9.99,236.99,medium,low,8,name.com,,,13/08/2026 18:42
d1ba08ef-a306-4d24-8c9a-84db2f4aa145,announcing.creditcard,available,5.66,129.25,medium,low,10,porkbun,,,29/09/2026 05:34
cabd5ef1-97c9-4222-a65e-55f2a08bb52f,mao.creditcard,available,144.99,144.99,high,low,3,namesilo,,,30/09/2026 03:52
a0d8139e-b9f6-4f57-86be-20b00ea27cfc,worshipful.creditcard,available,9.99,236.99,high,low,10,name.com,,,
1ec2b3c1-5fe7-4384-87db-ca3a02c45777,commanders.creditcard,available,129.2,129.2,medium,low,10,spaceship,,,29/09/2026 17:02
cd2c6d73-85c1-4d6f-a34c-c2ced1de1acb,bacitracin.creditcard,available,144.99,144.99,medium,low,10,namesilo,,,21/09/2026 14:25
d4ef4b24-a439-4740-aa87-ef2f2995520d,atmospheric.creditcard,available,129.2,129.2,high,low,11,spaceship,,,29/09/2026 21:02
624172fd-4a08-4e21-a246-79087f6adb41,bonded.creditcard,available,5.66,129.25,medium,low,6,porkbun,,,29/09/2026 05:02
ca5dff82-767f-4f0d-9867-b9f33f9af530,asset.creditcard,available,129.2,129.2,high,low,5,spaceship,,,01/10/2026 02:31
66730ed0-20d0-456d-b0e2-3b1d43500b32,ultimo.creditcard,available,144.99,144.99,medium,low,6,namesilo,,,11/09/2026 22:47
e0331d0a-d816-4f64-96d0-f67649ab01b4,legless.creditcard,available,9.99,236.99,medium,low,7,name.com,,,22/08/2026 23:13
0277e244-2973-4522-8b12-6218c931209b,surfer.creditcard,available,156.98,168.98,high,low,6,namecheap,,,30/09/2026 12:34
e8ec0a01-d496-4bcf-be33-437c9844a795,epochal.creditcard,available,9.99,236.99,medium,low,7,name.com,,,17/08/2026 11:24
d723e4bf-b5d4-412b-81bb-758190622d10,pram.creditcard,available,144.99,144.99,high,low,4,namesilo,,,21/09/2026 13:20
8344f540-7f2e-459c-bbb9-454e2097bcf2,scanner.creditcard,available,125.2,125.2,high,low,7,cloudflare,,,28/09/2026 18:57
52006fdc-b3a1-417e-a259-4b2e378c2a64,banquet.creditcard,available,156.98,168.98,high,low,7,namecheap,,,22/09/2026 02:59
4f4788f9-f5a8-49d1-9a58-58ee37648e1b,seething.creditcard,available,144.99,144.99,medium,low,8,namesilo,,,10/09/2026 01:49
513bec06-5dcb-4545-98e7-3501ce162e9b,arjuna.creditcard,available,144.99,144.99,high,low,6,namesilo,,,20/09/2026 06:08
c044aa5b-ce4e-4fed-b5c0-7976d116a295,plier.creditcard,available,156.98,168.98,medium,low,5,namecheap,,,30/09/2026 07:03
41423597-a378-4831-a4b7-66e91a0b75bb,downgrade.creditcard,available,144.99,144.99,medium,low,9,namesilo,,,24/09/2026 23:39
7d1d8e98-600c-46ab-9122-ee1e111014f5,turbid.creditcard,available,9.99,236.99,medium,low,6,name.com,,,25/08/2026 01:10
8f1e4edb-bc3a-4169-bdc4-06ea836d358f,peccable.creditcard,available,144.99,144.99,medium,low,8,namesilo,,,08/09/2026 11:30
c80aaa26-1d7a-4576-9298-700531f4622f,unmediated.creditcard,available,144.99,144.99,medium,low,10,namesilo,,,12/09/2026 15:32
f7e33f71-7cc4-4faf-bce2-586e1a519cb7,whats.creditcard,available,144.99,144.99,medium,low,5,namesilo,,,20/09/2026 02:25
5d6823e2-9d00-4509-875b-ea3aea3a0101,benne.creditcard,available,144.99,144.99,medium,low,5,namesilo,,,23/09/2026 08:27
78bbf744-69fe-4f47-ad2b-7ee8899fb1dc,estival.creditcard,available,9.99,236.99,medium,low,7,name.com,,,
1546d45c-28cb-4cc3-b4e1-024559784f9e,tractor.creditcard,available,129.2,129.2,high,low,7,spaceship,,,28/09/2026 11:01
d53240a9-75d9-4a68-ad16-d706edbae1ee,dripping.creditcard,available,144.99,144.99,medium,low,8,namesilo,,,14/09/2026 14:32
45848048-0378-42a7-a112-c05e74e16a57,extremist.creditcard,available,9.99,236.99,medium,low,9,name.com,,,17/08/2026 19:32
73526638-fc48-4d45-a597-51689fd8ef95,spinner.creditcard,available,129.2,129.2,high,low,7,spaceship,,,01/10/2026 03:50
d21f9175-2495-4f5c-b71f-72aff2c63eeb,minerva.creditcard,available,129.2,129.2,high,medium,7,spaceship,,,30/09/2026 18:03
c8ff6ed4-4eca-4992-bb66-4d07bb17b106,everywhere.creditcard,available,144.99,144.99,high,low,10,namesilo,,,28/09/2026 14:50
526a5fb7-0b7e-422e-88c8-5d00d578879d,approval.creditcard,available,,,high,low,8,,,,
a33715d2-ce8b-47f1-a9b0-09a07e325302,mustache.creditcard,available,125.2,125.2,high,low,8,cloudflare,,,29/09/2026 19:43
710b3113-e447-4195-bd53-33c8cf1ba460,aggregates.creditcard,available,125.2,125.2,low,low,10,cloudflare,,,28/09/2026 08:51
9963a1c9-96e8-4a73-b962-d1863586f639,proceeds.creditcard,available,129.2,129.2,high,low,8,spaceship,,,29/09/2026 01:54
9d7a7c75-65e1-48f5-9b65-b118c01710e3,placed.creditcard,available,144.99,144.99,high,low,6,namesilo,,,25/09/2026 14:13
b2fb9ecf-315e-4973-b733-56b505e38af4,behmen.creditcard,available,9.99,236.99,medium,low,6,name.com,,,23/09/2026 03:43
f8318caa-47f3-4edc-9543-b01feec8bc40,assembled.creditcard,available,125.2,125.2,medium,low,9,cloudflare,,,28/09/2026 23:20
eb9c335c-0792-4f83-9bfd-27717caf98a1,purchased.creditcard,available,156.98,168.98,low,low,9,namecheap,,,28/09/2026 17:30
5819e3e3-613b-49ca-b91d-a8b0977b9293,lallygag.creditcard,available,144.99,144.99,medium,low,8,namesilo,,,11/09/2026 08:33
d8e51e3f-e0de-47d5-9caf-28e903f3edeb,petrarch.creditcard,available,125.2,125.2,medium,low,8,cloudflare,,,01/10/2026 02:14
35134449-64cb-4a8c-9851-79315decaa7c,tubeless.creditcard,available,156.98,168.98,medium,low,8,namecheap,,,11/09/2026 20:58
3fca78bd-144f-4c93-affa-666794b0d739,trna.creditcard,available,144.99,144.99,high,low,4,namesilo,,,16/09/2026 22:03
1f4d8f63-0bfb-445d-9ae8-031c45613c3c,lite.creditcard,available,9.99,236.99,high,low,4,name.com,,,11/08/2026 15:09
67ebf778-4a43-4b53-8b40-e4a221e2b9a8,bitty.creditcard,available,9.99,236.99,high,low,5,name.com,,,10/08/2026 07:51
00ca9704-0db5-4278-9cfe-555061fa5ecd,downstage.creditcard,available,9.99,236.99,high,low,9,name.com,,,14/08/2026 17:53
aec5ba3a-c765-45e9-88f3-d5293e965ffb,parasites.creditcard,available,129.2,129.2,low,low,9,spaceship,,,29/09/2026 22:54
11b76c55-0010-4e3f-b04b-393cab471673,stratified.creditcard,available,9.99,236.99,medium,low,10,name.com,,,09/08/2026 06:36
522023d3-0694-4ff9-8db5-a32dfeb3d487,leisurely.creditcard,available,9.99,236.99,high,low,9,name.com,,,14/08/2026 23:02
612c05e4-e4be-4a68-af2b-16a80e85cacd,fight.creditcard,available,156.98,168.98,high,low,5,namecheap,,,24/09/2026 17:58
65da040b-0a96-4240-b1e2-b3bfd607ba37,shaded.creditcard,available,144.99,144.99,medium,low,6,namesilo,,,10/09/2026 05:23
c8e246c8-2677-4560-822d-d1e3f840268b,hagerstown.creditcard,available,5.57,133.52,medium,low,10,dynadot,,,29/09/2026 19:06
d36e1fbc-f9da-47ad-a526-8fef93d529c3,devon.creditcard,available,144.99,144.99,high,low,5,namesilo,,,25/09/2026 04:52
7997e37b-b5bb-4e5c-8f6c-12f81aaecc62,doctorial.creditcard,available,9.99,236.99,medium,low,9,name.com,,,14/08/2026 14:21
f623e97a-56fe-4362-94e5-c063bfc0f38c,coated.creditcard,available,9.99,236.99,medium,low,6,name.com,,,12/08/2026 14:14
7b9c5625-f6f4-46f5-947c-11c78fd8160f,tandem.creditcard,available,144.99,144.99,high,low,6,namesilo,,,15/09/2026 06:56
6283fb62-c857-47ee-b414-d90b8d8f6e6e,vaulted.creditcard,available,9.99,236.99,high,low,7,name.com,,,14/08/2026 15:39
d2e8a27c-2324-490c-9b96-923d69aaad66,textual.creditcard,available,144.99,144.99,high,low,7,namesilo,,,11/09/2026 12:20
39ec79cf-3220-446f-96ed-7ec298ad04cc,like.creditcard,resell,,,high,medium,4,Porkbun LLC,03/12/2025 22:59,03/12/2026 22:59,26/09/2026 07:14
dcde282a-7ecd-4a1f-99d0-5cadc807c3bc,attested.creditcard,available,9.99,236.99,medium,low,8,name.com,,,07/08/2026 15:41
1d6a1c1a-bb00-4fd9-961b-eaf5c872736c,agitator.creditcard,available,156.98,168.98,medium,low,8,namecheap,,,17/09/2026 18:07
54aab704-d33e-4add-b4fc-bf533581acda,prominence.creditcard,available,144.99,144.99,high,low,10,namesilo,,,24/09/2026 11:05
464fc7c3-d34c-4f2e-a140-c86c7e87e2e0,fim.creditcard,available,156.98,168.98,medium,low,3,namecheap,,,29/09/2026 21:32
7b732506-f3d0-4488-a67b-874a6fbea8fd,alan.creditcard,available,144.99,144.99,high,low,4,namesilo,,,25/09/2026 11:29
41abae32-ada5-4d09-b0da-d32bfdfdebfc,unmatched.creditcard,available,156.98,168.98,high,low,9,namecheap,,,25/09/2026 17:47
9ca89b03-13f4-40e4-bf69-b320a2aa5ae6,manky.creditcard,available,9.99,236.99,medium,low,5,name.com,,,24/08/2026 15:12
d1693efc-48a1-4f4e-a7ab-474e026194f4,angiogram.creditcard,available,144.99,144.99,medium,low,9,namesilo,,,19/09/2026 06:13
921317a3-b1d3-45c0-b529-462c1e38676c,valid.creditcard,available,125.2,125.2,high,low,5,cloudflare,,,28/09/2026 10:05
6aa03ce2-9797-4f24-a524-1e13a73e5d18,baba.creditcard,available,144.99,144.99,high,low,4,namesilo,,,21/09/2026 12:09
0987c07c-c2ac-49c9-85ff-973c9b1e5110,sick.creditcard,available,144.99,144.99,high,low,4,namesilo,,,23/09/2026 02:10
c2e0e50d-be5e-4772-9dae-492e31fc2abd,moths.creditcard,available,156.98,168.98,medium,low,5,namecheap,,,30/09/2026 06:56
7e3232cf-d993-4690-93d9-2b85f71b330c,exposit.creditcard,available,9.99,236.99,medium,low,7,name.com,,,15/08/2026 23:47
7e438b90-8d62-4691-8185-7b468c1926ef,microwave.creditcard,available,125.2,125.2,high,low,9,cloudflare,,,30/09/2026 04:20
542b6ebb-e1ad-40da-b196-dcf0636e8d38,ingredients.creditcard,available,9.99,,medium,low,11,name.com,,,
ba08d3e1-5839-49ba-98af-33ebdf515adb,motown.creditcard,available,125.2,125.2,high,low,6,cloudflare,,,29/09/2026 06:38
fdb13106-3fd2-4ac0-a96d-310d212df18f,withdrawn.creditcard,available,9.99,236.99,medium,low,9,name.com,,,22/08/2026 03:25
a786b1e6-5d8a-4bc4-92e9-a5ebf1e6c0f8,sainted.creditcard,available,9.99,236.99,high,low,7,name.com,,,
f43e2705-c4af-474b-867f-defbafebeb49,healthy.creditcard,available,144.99,144.99,high,low,7,namesilo,,,24/09/2026 22:43
fdea9043-8966-4dee-914e-4353e82a645c,lefthanded.creditcard,available,144.99,144.99,high,low,11,namesilo,,,30/09/2026 22:36
49624830-8792-46c0-a297-8fa3f56e0682,despite.creditcard,available,129.2,129.2,high,low,7,spaceship,,,29/09/2026 11:22
8d3ccb95-ab50-4fb7-90d4-bdb2415f834f,ramsey.creditcard,available,156.98,168.98,high,low,6,namecheap,,,25/09/2026 15:22
0e697b19-2453-4971-9184-4d2462c97f30,shade.creditcard,available,144.99,144.99,high,low,5,namesilo,,,28/09/2026 02:00
282e963c-6b1d-4c14-a8e6-aecb62ef6406,fishy.creditcard,available,9.99,236.99,high,low,5,name.com,,,18/08/2026 05:32
4f29d16d-19a8-422f-9e01-22db1bcdb36e,fumes.creditcard,available,5.66,129.25,high,low,5,porkbun,,,30/09/2026 01:34
88147883-29d4-47f2-a5d4-153cbd71e470,chessboard.creditcard,available,144.99,144.99,high,low,10,namesilo,,,24/09/2026 14:20
369a9e40-d51e-4ac0-8217-54b9d370844b,neuromotor.creditcard,available,144.99,144.99,medium,low,10,namesilo,,,03/09/2026 16:18
8b9f878e-30cb-4bf2-9861-f55f751b3290,cuff.creditcard,available,125.2,125.2,medium,low,4,cloudflare,,,29/09/2026 00:32
e9210a91-ec80-4f9b-9505-296ceaaf3731,amuck.creditcard,available,9.99,236.99,medium,low,5,name.com,,,
df209ed6-9ba3-4c4b-99bd-79ccd76b3e83,medication.creditcard,available,129.2,129.2,high,low,10,spaceship,,,30/09/2026 04:14
46192643-ee4b-46ba-9ca0-a83b601fd556,symbol.creditcard,available,144.99,144.99,high,low,6,namesilo,,,28/09/2026 09:07
a2cd0876-4660-4022-aa60-86b825f489a8,begun.creditcard,available,5.57,133.52,medium,low,5,dynadot,,,28/09/2026 08:15
e4e10ea8-6aa9-4c8f-9539-4974551f2b2f,clancy.creditcard,available,125.2,125.2,medium,low,6,cloudflare,,,28/09/2026 21:20
bbf0ae81-275b-4823-811a-bf51720706e3,loon.creditcard,available,144.99,144.99,high,low,4,namesilo,,,17/09/2026 07:03
bec34baa-f840-4993-8271-d39de966e47f,itchy.creditcard,available,9.99,236.99,medium,low,5,name.com,,,05/08/2026 20:43
804c0761-94be-4375-a7fe-e6f2610a3855,dull.creditcard,available,144.99,144.99,medium,low,4,namesilo,,,23/09/2026 00:25
dfb834a1-826e-4b07-b9e3-0f113a9e072f,continuo.creditcard,available,144.99,144.99,medium,low,8,namesilo,,,22/09/2026 12:27
9f478129-9713-4033-b247-5569533f2aeb,texture.creditcard,available,129.2,129.2,high,low,7,spaceship,,,28/09/2026 20:37
ad59418c-2c95-4b64-910a-b50b8a83c29c,order.creditcard,available,144.99,144.99,high,medium,5,namesilo,,,23/09/2026 20:44
029eea14-f6be-4c7b-9e97-81d2e1792c89,paddlefish.creditcard,available,9.99,236.99,medium,low,10,name.com,,,14/08/2026 20:48
d208bdfd-6736-4435-8b6e-58b608d4a336,starship.creditcard,available,129.2,129.2,high,low,8,spaceship,,,30/09/2026 11:04
e116dfad-1ac9-49b4-91eb-95b3192fe1ea,clint.creditcard,available,5.66,129.25,high,low,5,porkbun,,,29/09/2026 15:00
5f60fa2e-2d82-415b-ad36-3b95ecdc2d5b,dissection.creditcard,available,156.98,168.98,high,low,10,namecheap,,,24/09/2026 23:04
22616ba9-c13b-4a3a-9b50-8b6229e12bfe,vagal.creditcard,available,144.99,144.99,medium,low,5,namesilo,,,08/09/2026 22:07
bddf545c-f60d-4cb7-9aa2-7327e0f0b7ae,synaptic.creditcard,available,144.99,144.99,high,low,8,namesilo,,,11/09/2026 06:09
c61deeaa-6c83-4208-b289-b8aa92451827,monroe.creditcard,available,125.2,125.2,high,low,6,cloudflare,,,28/09/2026 02:11
587188cc-4982-46cc-9c1c-cd0f7f00dd5c,tyrol.creditcard,available,125.2,125.2,medium,low,5,cloudflare,,,28/09/2026 20:40
1ef959b5-567f-4df7-8119-f90af7333b9d,circulation.creditcard,available,129.2,129.2,medium,low,11,spaceship,,,28/09/2026 08:15
baef7e8e-3bf9-4a05-9873-77068550e163,ailey.creditcard,available,156.98,168.98,high,low,5,namecheap,,,17/09/2026 21:12
a4422308-f663-42ec-aa68-f01f7382c5d6,kashmiri.creditcard,available,9.99,236.99,medium,low,8,name.com,,,22/08/2026 15:07
b2592aae-6cef-48ea-876b-b30fb83b42e6,tongan.creditcard,available,144.99,144.99,high,low,6,namesilo,,,11/09/2026 17:06
d45ca027-df2b-4472-8513-5f0453479921,audacity.creditcard,available,144.99,144.99,high,low,8,namesilo,,,21/09/2026 02:47
fe2f4b28-f442-4cfe-b413-de4c171b6f15,gladiola.creditcard,available,9.99,236.99,medium,low,8,name.com,,,19/08/2026 00:09
ccd44da1-88c2-4524-998f-89e5def22f8a,toys.creditcard,available,144.99,144.99,high,low,4,namesilo,,,20/09/2026 06:04
e7089520-68a9-488e-9e21-f9645124635a,dcs.creditcard,available,156.98,168.98,high,low,3,namecheap,,,30/09/2026 20:17
3ca0b358-7f07-4dbd-831e-8fbe08ca8c43,moonflower.creditcard,available,144.99,144.99,high,low,10,namesilo,,,23/09/2026 06:03
208de392-1e56-4441-8102-682b343bdfc3,outreach.creditcard,available,144.99,144.99,high,low,8,namesilo,,,30/09/2026 10:41
75e93990-340b-47f1-bfc2-7ad13326b4d6,magpie.creditcard,available,156.98,168.98,high,low,6,namecheap,,,21/09/2026 12:29
a7e8dc0f-8c3d-4e13-8a1d-b89c593e2508,foothold.creditcard,available,144.99,144.99,high,low,8,namesilo,,,24/09/2026 10:16
85cc40e4-708d-4a97-90c5-0db7457a0b05,beijing.creditcard,premium,242,242,high,low,7,namesilo,,,23/09/2026 04:10
0b0c90eb-bdf8-4c5a-9b48-fae1954e84e7,reno.creditcard,premium,242,242,high,low,4,namesilo,,,28/09/2026 06:40
2e258d3f-cbdf-43c6-9eec-2e3468e58f93,amos.creditcard,available,156.98,168.98,high,low,4,namecheap,,,18/09/2026 22:51
57005bfd-dfcc-4164-8536-13c792331c29,stepped.creditcard,available,156.98,168.98,high,low,7,namecheap,,,25/09/2026 18:05
71bfdb00-7220-4407-af9c-af3a75fddb4a,owl.creditcard,available,156.98,168.98,high,medium,3,namecheap,,,23/09/2026 20:08
9311890a-af9b-4b08-821c-f5f348f0a103,buckle.creditcard,available,129.2,129.2,high,low,6,spaceship,,,28/09/2026 18:30
02c8c392-924d-4f8c-b0a6-b6984740e9f7,dural.creditcard,available,9.99,236.99,medium,low,5,name.com,,,14/08/2026 21:30
e69bbce8-9bd1-48ae-9687-c22ec814c7ad,paperlike.creditcard,available,9.99,236.99,low,low,9,name.com,,,12/08/2026 02:45
0f7abc18-a283-432d-aacc-830328784658,culturally.creditcard,available,144.99,144.99,medium,low,10,namesilo,,,14/09/2026 09:57
542b7d29-745d-4f78-a12a-fac4f23c9911,tapered.creditcard,available,144.99,144.99,medium,low,7,namesilo,,,03/09/2026 13:29
82046e53-947a-45e7-956c-5425c3b7d5dd,cheryl.creditcard,available,156.98,168.98,medium,low,6,namecheap,,,27/09/2026 07:16
544f668c-24a2-43e6-9c19-21ab7e93106f,irina.creditcard,available,144.99,144.99,high,low,5,namesilo,,,29/09/2026 15:31
4cf64fc2-ce83-4e03-8442-84330095d191,arises.creditcard,available,5.57,133.52,low,low,6,dynadot,,,30/09/2026 07:05
15da60e3-dc75-4cc1-bc39-9e169bafeee7,harquebus.creditcard,available,156.98,168.98,medium,low,9,namecheap,,,20/09/2026 08:40
61fcd594-ce22-4983-b0cd-ddd45ee353d9,less.creditcard,available,144.99,144.99,high,low,4,namesilo,,,25/09/2026 13:30
2a038aef-9517-4b7b-990a-cd635ea97fc5,shafts.creditcard,available,144.99,144.99,medium,low,6,namesilo,,,30/09/2026 15:34
0998fe4e-2064-48c6-b8d5-a4e71e2b8c17,activating.creditcard,available,9.99,236.99,high,low,10,name.com,,,
2b4ff5f0-8f34-4451-bb1b-4d8a893095a8,wastebasket.creditcard,available,9.99,,high,low,11,name.com,,,
8715bb7a-fb94-47b9-ba92-5a565dd40b75,fraternal.creditcard,available,9.99,236.99,high,low,9,name.com,,,10/08/2026 03:44
a980a3c3-f837-48c9-ac02-efc3d154ff79,flock.creditcard,available,9.99,236.99,high,low,5,name.com,,,25/08/2026 00:21
ac9eaebe-fa13-46e2-81de-9c8c428ec7c4,spun.creditcard,available,144.99,144.99,medium,low,4,namesilo,,,29/09/2026 15:59
df15b8f4-15eb-43ab-b149-4951799a176a,stemless.creditcard,available,9.99,236.99,medium,low,8,name.com,,,
80e1216b-c6eb-4667-9743-8dd1aa73177c,gromyko.creditcard,available,144.99,144.99,medium,low,7,namesilo,,,19/09/2026 04:28
37833898-8fcd-4cf3-860c-8f6abe102f22,tenor.creditcard,available,144.99,144.99,high,low,5,namesilo,,,11/09/2026 11:24
dbc66757-7cc3-4434-8eea-840582edf77c,mariah.creditcard,available,129.2,129.2,high,low,6,spaceship,,,30/09/2026 04:14
ae84b805-59e9-49ea-b62e-7d0dbd4fe650,vocational.creditcard,available,144.99,144.99,high,low,10,namesilo,,,13/09/2026 06:29
9d47656c-d95c-42e5-8b60-1f6d670a5442,sinatra.creditcard,available,5.66,129.25,high,low,7,porkbun,,,29/09/2026 18:57
4dacc167-3660-4041-b8a8-56eaa956891e,screams.creditcard,available,144.99,144.99,medium,low,7,namesilo,,,28/09/2026 00:29
846e413a-1868-4c21-9f89-0185d43a0cfe,stockton.creditcard,available,9.99,236.99,high,low,8,name.com,,,25/09/2026 06:10
83d8cd90-df02-4887-9d26-89ce81bee665,smoked.creditcard,available,144.99,144.99,medium,low,6,namesilo,,,10/09/2026 11:53
34d23389-0821-4667-9c8f-dad9a7c20f9c,montenegrin.creditcard,available,125.2,125.2,high,low,11,cloudflare,,,29/09/2026 21:21
54b4ae66-3d07-4bd7-9c7b-832f7b2fe8d1,counterfeits.creditcard,available,156.98,168.98,low,low,12,namecheap,,,19/09/2026 21:40
1caafa17-68e2-496b-854c-2723cee419a4,plane.creditcard,available,156.98,168.98,high,low,5,namecheap,,,24/09/2026 19:36
15d1c084-6a79-4bd5-a349-df53738ccbf7,emboss.creditcard,available,9.99,236.99,medium,low,6,name.com,,,10/08/2026 20:42
c1aedd1d-4d60-4e27-84d2-05fff55cd068,betatron.creditcard,available,144.99,144.99,medium,low,8,namesilo,,,23/09/2026 11:04
6bf93ce8-86a1-4015-bb45-856fcbb24420,pdp.creditcard,available,125.2,125.2,high,low,3,cloudflare,,,28/09/2026 21:36
db84fc91-92b6-4fc7-9454-b530f3ae5636,apery.creditcard,available,144.99,144.99,medium,low,5,namesilo,,,19/09/2026 16:43
c2582420-45e2-47ff-91e0-ac807f70c656,anasarca.creditcard,available,144.99,144.99,medium,low,8,namesilo,,,19/09/2026 03:14
1fa129af-b076-4e54-bd0b-4fd0831f5756,poisson.creditcard,available,129.2,129.2,medium,low,7,spaceship,,,28/09/2026 11:23
0e0b3db7-06e9-4554-afdd-f05f1d533417,complaint.creditcard,available,144.99,144.99,high,low,9,namesilo,,,25/09/2026 07:37
58e7bf23-2c8c-4dab-9966-bc6cab762943,watertown.creditcard,available,129.2,129.2,medium,low,9,spaceship,,,28/09/2026 06:52
b9ec721f-5a4d-4736-8c7e-8c78297f549e,unavoidable.creditcard,available,125.2,125.2,high,low,11,cloudflare,,,30/09/2026 11:43
2c8f982b-21a6-4440-9698-10b2ff668ba7,occurred.creditcard,available,144.99,144.99,medium,low,8,namesilo,,,18/09/2026 13:50
25281798-093a-4af4-ab50-8ac617870ed6,judaic.creditcard,available,9.99,236.99,medium,low,6,name.com,,,22/08/2026 13:17
4a42baea-43ee-43bc-948e-d2fccda97bfe,wizard.creditcard,available,156.98,168.98,high,medium,6,namecheap,,,21/09/2026 18:11
77b7716a-9728-47bd-8455-35be9f326b53,thirteen.creditcard,available,144.99,144.99,high,low,8,namesilo,,,21/09/2026 11:32
7f7a2481-ba84-4436-b4c1-254da64d2af3,spending.creditcard,available,144.99,144.99,high,low,8,namesilo,,,27/09/2026 03:51
08e7d855-4057-42c3-b906-13a79f9f7249,innocence.creditcard,available,144.99,144.99,high,low,9,namesilo,,,28/09/2026 22:20
bce54b1d-a6c3-4e1e-85ca-fafbe561ced0,abenaki.creditcard,available,9.99,236.99,medium,low,7,name.com,,,
3d9ce218-f7d9-4992-812c-a0c3bed5cd3e,sorcery.creditcard,available,156.98,168.98,high,low,7,namecheap,,,23/09/2026 23:51
f02e8847-3174-459a-8ca8-e4f2b440f2a2,parole.creditcard,available,144.99,144.99,high,low,6,namesilo,,,28/09/2026 05:28
1d11b594-4fae-4396-979e-131bc4133b43,diverse.creditcard,available,9.99,236.99,high,low,7,name.com,,,14/08/2026 13:39
a88b0ec9-2325-49de-bef1-906525795869,interests.creditcard,available,144.99,144.99,high,low,9,namesilo,,,25/09/2026 16:44
6bc8e000-ee0a-41d2-890a-45853464b03e,feast.creditcard,available,144.99,144.99,high,low,5,namesilo,,,22/09/2026 03:01
34d3c1ee-5eb4-4b4d-818f-74094d4e7ae3,buchanan.creditcard,available,125.2,125.2,high,low,8,cloudflare,,,28/09/2026 01:11
504ab1e1-ed88-43e0-82f0-7195cda7dce1,cramp.creditcard,available,144.99,144.99,medium,low,5,namesilo,,,30/09/2026 16:50
6f58fa57-ffba-4706-a0f0-4bd08cdbc275,widow.creditcard,available,144.99,144.99,high,low,5,namesilo,,,27/09/2026 05:54
54238007-4c84-464c-804f-d68f4b80b5d8,beatniks.creditcard,available,156.98,168.98,medium,low,8,namecheap,,,22/09/2026 21:34
5298e5e2-3678-43bb-bb41-64a2dd3e922b,resignation.creditcard,available,9.99,,high,low,11,name.com,,,
1ada5036-c8ef-4390-b53e-8b9575c674ed,sumter.creditcard,available,129.2,129.2,medium,low,6,spaceship,,,28/09/2026 12:23
9c6e6264-427b-4bf0-87fd-60ae435f3509,caddo.creditcard,available,144.99,144.99,medium,low,5,namesilo,,,30/09/2026 16:33
bf32f7ee-00a7-49e0-99d2-a3dddf20d879,bacteria.creditcard,available,156.98,168.98,high,low,8,namecheap,,,21/09/2026 16:28
d33e7498-f4e1-47f0-8897-e9e8dc746608,valves.creditcard,available,129.2,129.2,medium,low,6,spaceship,,,29/09/2026 23:44
3a984236-71d9-48e0-b40b-98ef93f89b52,xxxi.creditcard,available,9.99,236.99,medium,low,4,name.com,,,
afb59e11-5195-4d89-86a1-13cb78174c43,ellie.creditcard,available,5.66,129.25,high,low,5,porkbun,,,28/09/2026 04:48
8ea2e461-ae61-4ec6-aeae-77a7f9f96e1e,tutor.creditcard,available,5.66,129.25,high,low,5,porkbun,,,28/09/2026 10:46
b6d81088-51da-43cb-811b-01365665d975,cloudy.creditcard,available,9.99,236.99,high,low,6,name.com,,,12/08/2026 12:41
78494194-8e04-4a4a-b56d-6c0a1a720da5,lettuce.creditcard,available,144.99,144.99,high,low,7,namesilo,,,29/09/2026 03:25
2a7d8046-36de-4746-a54d-22468324f6f8,wilful.creditcard,available,9.99,236.99,medium,low,6,name.com,,,18/08/2026 16:39
743b5b2f-ed7d-4680-800d-53f30abc5d6f,banjo.creditcard,available,144.99,144.99,high,low,5,namesilo,,,22/09/2026 02:11
c7671e21-1cfc-42a3-a435-2109c8f99d38,coleman.creditcard,available,144.99,144.99,high,low,7,namesilo,,,25/09/2026 15:48
4627de05-2b57-4f9f-8b12-4d5af865b035,gorgeous.creditcard,available,144.99,144.99,high,low,8,namesilo,,,24/09/2026 22:48
1145c76b-7676-4be5-9d2c-4cd015cf01e8,poisoning.creditcard,available,144.99,144.99,medium,low,9,namesilo,,,30/09/2026 00:17
e603ebb6-0b19-4603-9585-47ae12e86591,caves.creditcard,available,156.98,168.98,medium,low,5,namecheap,,,28/09/2026 13:19
56913003-a056-4c8c-bed2-03a3363e967c,mccartney.creditcard,available,125.2,125.2,medium,low,9,cloudflare,,,28/09/2026 06:23
54013a56-15a8-4d68-b3c8-dcaf50f9265d,thoughtful.creditcard,available,9.99,236.99,high,low,10,name.com,,,21/08/2026 05:59
f3e62edc-09f4-4fec-8079-06693fa51f1f,mbd.creditcard,available,156.98,168.98,medium,low,3,namecheap,,,17/09/2026 06:35
7ac0c596-b27c-47a5-acd5-1bfdd2299521,firebird.creditcard,available,144.99,144.99,high,low,8,namesilo,,,22/09/2026 00:21
7d4edcbe-a450-402f-914f-5cb3e0b3b3c2,hayseed.creditcard,available,9.99,236.99,medium,low,7,name.com,,,21/08/2026 08:05
8734b510-8871-408a-a2df-67e1e180f497,debonnaire.creditcard,available,9.99,236.99,medium,low,10,name.com,,,13/08/2026 20:46
141c668a-e98e-433e-8cca-5ffb04eb91f8,clash.creditcard,available,144.99,144.99,high,low,5,namesilo,,,29/09/2026 09:50
db763b19-54dc-4759-95cf-26dd2ba5c4f4,wolfish.creditcard,available,9.99,236.99,medium,low,7,name.com,,,15/08/2026 07:01
ef66fad0-64f0-48a3-9626-3a7030fd2c31,phillips.creditcard,available,156.98,168.98,high,low,8,namecheap,,,25/09/2026 18:30
6b9e1138-885f-461b-8d05-667d04dcb881,splendid.creditcard,available,9.99,236.99,high,low,8,name.com,,,17/08/2026 16:04
8fdf6b63-acad-4717-89cc-25e82d59a83c,tavern.creditcard,available,156.98,168.98,high,low,6,namecheap,,,28/09/2026 15:26
e0a27a9d-53f6-4276-acca-2b5e4da80509,plaintiffs.creditcard,available,144.99,144.99,low,low,10,namesilo,,,01/10/2026 00:55
137f64f9-3908-47b4-93a1-87df6060bfc8,extra.creditcard,resell,,,high,low,5,Porkbun LLC,04/12/2025 00:16,04/12/2026 00:16,26/09/2026 05:58
fe10defe-f714-4243-b964-75cdeb3da00c,kendall.creditcard,available,156.98,168.98,high,low,7,namecheap,,,25/09/2026 05:14
c6b967cc-fcad-4557-be8d-a3847a49fb39,dipped.creditcard,available,9.99,236.99,medium,low,6,name.com,,,14/08/2026 08:30
f016c105-af28-4058-96e1-b17ed24d8a13,guarnieri.creditcard,available,156.98,168.98,medium,low,9,namecheap,,,19/09/2026 04:23
4d8d11f1-b52b-41ec-97d7-280f71a9270d,hexagonal.creditcard,available,9.99,236.99,medium,low,9,name.com,,,21/08/2026 07:50
58e52694-fb2b-48b5-8061-c1d70a2a0e2b,rebels.creditcard,available,125.2,125.2,medium,low,6,cloudflare,,,28/09/2026 08:52
2d33ad7b-a7e1-4f0b-8449-af5fcbe9194e,whimsy.creditcard,available,144.99,144.99,high,low,6,namesilo,,,20/09/2026 00:42
dc630427-7ace-454e-95c7-8615767a372d,routledge.creditcard,available,144.99,144.99,medium,low,9,namesilo,,,28/09/2026 16:54
60d1b970-407d-4a5b-a013-df7a7b41a212,vines.creditcard,available,125.2,125.2,medium,low,5,cloudflare,,,29/09/2026 23:04
832687cc-53b3-4686-a98c-b62c5a02a51e,breach.creditcard,available,5.57,133.52,high,low,6,dynadot,,,27/09/2026 11:50
686a4dd3-46cc-4b41-9f3a-b05e93db6cc3,achondrite.creditcard,available,144.99,144.99,medium,low,10,namesilo,,,17/09/2026 00:54
a0b922ad-fa31-4246-95c2-6b0b6624e1b1,mike.creditcard,available,125.2,125.2,high,medium,4,cloudflare,,,30/09/2026 04:19
6e11442d-8bf0-414d-b6b3-8b2a6443246d,glass.creditcard,available,129.2,129.2,high,low,5,spaceship,,,29/09/2026 14:00
34f3cf81-406c-41f9-981a-e50e9067c1e9,unmined.creditcard,available,144.99,144.99,medium,low,7,namesilo,,,12/09/2026 15:41
4eadf8a2-958e-4c5b-aafa-54142b041cd0,somerset.creditcard,available,9.99,236.99,high,low,8,name.com,,,18/08/2026 08:27
037cea37-a722-4ccf-9ec2-a64162c0faa0,after.creditcard,available,144.99,144.99,high,low,5,namesilo,,,21/09/2026 22:16
c3a239bb-1e6e-4db4-910c-ad63d10bfb6f,mba.creditcard,available,144.99,144.99,high,low,3,namesilo,,,25/09/2026 09:16
32d77eb2-8372-4492-b3f1-9e014cc7b134,quicker.creditcard,available,144.99,144.99,high,low,7,namesilo,,,14/09/2026 17:44
8244b799-0c37-4d8e-88a3-66c47551e12a,automatically.creditcard,available,144.99,144.99,medium,low,13,namesilo,,,28/09/2026 07:07
b7d00493-066e-4c81-878c-67633495c4ac,viola.creditcard,available,144.99,144.99,high,low,5,namesilo,,,29/09/2026 07:04
d0b8c2c5-a72f-4e12-9cbd-642823c154ad,brett.creditcard,available,144.99,144.99,high,low,5,namesilo,,,28/09/2026 07:03
cd57889c-6111-4f36-89f3-50be827c3a8a,supply.creditcard,available,125.2,125.2,high,low,6,cloudflare,,,28/09/2026 08:29
1dc53ea6-69ba-41d0-83d2-a6976274fae7,wylie.creditcard,available,125.2,125.2,medium,low,5,cloudflare,,,28/09/2026 13:59
71bd5ae1-c437-4e52-b32b-22c52622c2af,lose.creditcard,available,144.99,144.99,medium,low,4,namesilo,,,30/09/2026 04:42
d84c29b2-7efb-41f9-ad1d-f5bcb5a8fcec,blackpoll.creditcard,available,144.99,144.99,medium,low,9,namesilo,,,24/09/2026 02:54
da0dc9d6-caf9-447a-95d4-8519419be22f,skylark.creditcard,available,144.99,144.99,high,low,7,namesilo,,,18/09/2026 02:17
f1b268ec-a667-433e-840d-65fcb6d43d76,buzzer.creditcard,available,129.2,129.2,high,low,6,spaceship,,,30/09/2026 16:33
50ea3f56-c6f2-46ae-8881-64364b25039a,kingston.creditcard,available,5.66,129.25,high,low,8,porkbun,,,29/09/2026 00:19
c35a7841-3533-4e8f-aa8c-b0284063fa48,veracious.creditcard,available,144.99,144.99,high,low,9,namesilo,,,13/09/2026 02:19
bb0491f7-cb60-4704-b3f9-84e508dadb29,hirsute.creditcard,available,9.99,236.99,medium,low,7,name.com,,,20/08/2026 22:11
960f9da6-140b-4e21-83a0-4d8318803289,bacterium.creditcard,available,144.99,144.99,medium,low,9,namesilo,,,21/09/2026 16:30
d10c2942-47fc-4e9e-be5e-de9cad5f79a5,palpatory.creditcard,available,144.99,144.99,medium,low,9,namesilo,,,05/09/2026 00:12
a1fc6548-4309-4a8a-bb5e-fa21907020f6,smoggy.creditcard,available,144.99,144.99,medium,low,6,namesilo,,,10/09/2026 11:52
817c7af0-a3a0-4dfe-bc83-44c008321ac5,interference.creditcard,available,129.2,129.2,medium,low,12,spaceship,,,28/09/2026 21:09
bc2d0e6b-d61d-4a09-86be-bf25bac5052f,wrenching.creditcard,available,144.99,144.99,medium,low,9,namesilo,,,09/09/2026 09:27
ef4a8f99-a613-460b-96d6-c778ce415cb6,pesky.creditcard,available,9.99,236.99,medium,low,5,name.com,,,
9b6f23fc-4a41-44f9-801e-ab1de85d697b,admissions.creditcard,available,125.2,125.2,medium,low,10,cloudflare,,,29/09/2026 11:17
125a2632-a36f-4615-8c8e-4695d0d75036,loafer.creditcard,available,9.99,236.99,medium,low,6,name.com,,,14/08/2026 14:12
dae4c86f-0a75-4bf3-8dcc-7f8e65ac89d5,spot.creditcard,available,144.99,144.99,high,medium,4,namesilo,,,29/09/2026 02:14
a186f393-0e1f-4399-a0fd-32c10cfc7003,doom.creditcard,available,144.99,144.99,high,low,4,namesilo,,,24/09/2026 23:34
99564d8c-6726-4572-bac9-2a7b441fffc1,carpetbag.creditcard,available,9.99,236.99,medium,low,9,name.com,,,11/08/2026 19:44
e03c3273-b7e5-4535-9429-61cd5b2f137f,reunions.creditcard,available,144.99,144.99,medium,low,8,namesilo,,,21/09/2026 08:16
bc580e8d-f883-4210-891f-59053217f215,rueful.creditcard,available,9.99,236.99,medium,low,6,name.com,,,12/08/2026 23:38
e865a5e0-573c-4585-8847-a09c3d540536,axial.creditcard,available,144.99,144.99,high,low,5,namesilo,,,22/09/2026 15:33
561cf1e9-938f-4236-b00b-8cbf7e924997,animator.creditcard,available,144.99,144.99,high,low,8,namesilo,,,19/09/2026 09:13
16fbcdaf-5a62-41bd-a590-b4a2e4b53162,reflective.creditcard,available,9.99,236.99,high,low,10,name.com,,,11/08/2026 06:03
93a2b9e6-4b59-4efe-8a21-b229f4a8aed2,anabas.creditcard,available,156.98,168.98,medium,low,6,namecheap,,,19/09/2026 00:49
a0f09415-4e39-4191-bc54-a3e3992a1dea,correct.creditcard,available,144.99,144.99,high,low,7,namesilo,,,24/09/2026 22:34
17bde11a-3172-490f-a111-4a131d9fa77e,unattached.creditcard,available,9.99,236.99,medium,low,10,name.com,,,18/08/2026 14:48
7ad412b3-9096-413b-bfa9-41e8e21aca07,housewife.creditcard,available,156.98,168.98,medium,low,9,namecheap,,,29/09/2026 01:18
22e2f9e8-5866-41d9-8a48-e5556ae73f81,tuscany.creditcard,available,129.2,129.2,high,low,7,spaceship,,,27/09/2026 16:08
a57e0d65-ba81-48d3-b724-3c89314a5386,lucie.creditcard,available,129.2,129.2,medium,low,5,spaceship,,,28/09/2026 21:31
77c693f6-5014-4a8c-befb-fc2af5ff0fb8,dysprosium.creditcard,available,144.99,144.99,medium,low,10,namesilo,,,20/09/2026 23:28
12791a87-1478-480e-9f11-ef8c7eabb799,ablution.creditcard,available,144.99,144.99,medium,low,8,namesilo,,,16/09/2026 16:14
e3653b7d-471e-43eb-bd1a-a8f3e62fb189,squandered.creditcard,available,9.99,236.99,medium,low,10,name.com,,,10/09/2026 17:24
e69fe354-cc23-4e7a-866e-21490faa69de,patented.creditcard,available,144.99,144.99,high,low,8,namesilo,,,08/09/2026 10:24
2fd64853-b6cc-4f24-b73f-0b498619f29f,plumping.creditcard,available,144.99,144.99,medium,low,8,namesilo,,,08/09/2026 21:52
3923ce4d-d16c-431a-ae6a-71d7250e23e7,germanium.creditcard,available,144.99,144.99,medium,low,9,namesilo,,,20/09/2026 22:51
184dd3b7-6880-4580-a52c-31acbc7ef700,magyar.creditcard,available,9.99,236.99,high,low,6,name.com,,,21/08/2026 15:41
2856ff1d-870c-4c51-b430-53385649ce6a,bilges.creditcard,available,144.99,144.99,medium,low,6,namesilo,,,23/09/2026 15:54
6f8946f0-40ef-45c0-95df-280964249751,catenulate.creditcard,available,9.99,236.99,medium,low,10,name.com,,,11/08/2026 21:32
6558f14a-e91d-4a26-886b-42ed85f045c9,kali.creditcard,available,156.98,168.98,high,low,4,namecheap,,,22/09/2026 05:54
a3517176-f48c-4bd4-a232-491eb29865b0,light.creditcard,available,9.99,236.99,high,low,5,name.com,,,
58f6d27d-7520-4e70-8095-26c63cce94b8,comfort.creditcard,available,156.98,168.98,high,low,7,namecheap,,,24/09/2026 16:25
2a8ac6d9-540c-4dd8-aad3-762f5b54cd1f,pedantic.creditcard,available,9.99,236.99,medium,low,8,name.com,,,14/08/2026 15:55
9b38708e-2dfe-4dc6-91f9-d3957606886f,spheroidal.creditcard,available,9.99,236.99,medium,low,10,name.com,,,16/08/2026 05:22
56d16a00-b908-4be5-ad49-cd9f8d2f1a02,autocracy.creditcard,available,156.98,168.98,medium,low,9,namecheap,,,21/09/2026 06:08
9f4a5fb1-f644-4839-9956-d3e561704954,waiting.creditcard,available,144.99,144.99,high,low,7,namesilo,,,27/09/2026 10:28
732543c8-c37f-4c1f-a2f7-e1f219c20fd8,wallpaper.creditcard,available,156.98,168.98,high,low,9,namecheap,,,29/09/2026 08:18
44a6dc99-6717-4d4d-9050-a854dd03e445,extension.creditcard,available,5.57,133.52,high,low,9,dynadot,,,28/09/2026 21:27
dd68ab91-a002-4948-87b0-98e66c3713ed,admiring.creditcard,available,5.66,129.25,high,low,8,porkbun,,,30/09/2026 19:19
4f3d391d-4348-4682-a869-26827c5729b7,bearable.creditcard,available,9.99,236.99,medium,low,8,name.com,,,09/08/2026 04:27
67af31a7-0515-4475-9f07-726a0163ce8b,aery.creditcard,available,9.99,236.99,high,low,4,name.com,,,
3d2a89f7-347a-4337-996b-c70c68d1b251,sheppard.creditcard,available,144.99,144.99,medium,low,8,namesilo,,,27/09/2026 08:04
766d6b00-812e-4ddd-963d-7595ce41958d,elkins.creditcard,available,125.2,125.2,medium,low,6,cloudflare,,,29/09/2026 15:44
1257ee71-7f20-4671-a654-6be1371f1d74,nappy.creditcard,available,9.99,236.99,high,low,5,name.com,,,18/08/2026 16:10
798bcd16-0b3f-40c0-8d9b-da460c9fdf16,ivory.creditcard,available,144.99,144.99,high,low,5,namesilo,,,04/09/2026 01:20
68768b7f-1fe1-4599-a24f-297284c79571,midi.creditcard,available,9.99,236.99,high,low,4,name.com,,,24/08/2026 22:34
501c0edd-9e46-4e1b-b0c0-ba516abf6193,bed.creditcard,available,129.2,129.2,high,low,3,spaceship,,,29/09/2026 01:46
0cd81e86-964d-46a9-9b8f-0944b8cc5ed2,superfine.creditcard,available,9.99,236.99,high,low,9,name.com,,,04/09/2026 21:37
27722fb5-a800-4551-8d3c-a53bd9b7561f,floodwaters.creditcard,available,156.98,168.98,medium,low,11,namecheap,,,21/09/2026 03:37
ffdcd13b-333b-46e0-8b51-cea1398d2bc0,theoretical.creditcard,available,129.2,129.2,medium,low,11,spaceship,,,29/09/2026 03:03
1c5fefed-0005-488e-b10d-b7ea984eccf9,majorities.creditcard,available,129.2,129.2,low,low,10,spaceship,,,29/09/2026 05:40
35f08e7f-cf24-4e05-bd04-6ebbe875f0ac,hypocrite.creditcard,available,156.98,168.98,medium,low,9,namecheap,,,08/09/2026 19:08
cf7569fb-f42a-446e-bf58-3dd5790f98a6,alqaeda.creditcard,available,144.99,144.99,medium,low,8,namesilo,,,18/09/2026 00:59
19fd8a11-d92e-443b-bf75-24237cc1de63,labor.creditcard,available,125.2,125.2,high,low,5,cloudflare,,,28/09/2026 07:28
11357f30-bb7c-4450-858f-8dd8d60174bf,outdo.creditcard,available,9.99,236.99,medium,low,5,name.com,,,09/08/2026 17:43
c465473f-fdde-4895-9d2e-31803a152cd8,anosmia.creditcard,available,144.99,144.99,medium,low,7,namesilo,,,19/09/2026 11:51
0ad160a6-fb95-41d8-9458-b90418bd19a2,moravian.creditcard,available,9.99,236.99,high,low,8,name.com,,,25/08/2026 06:14
23812f19-837c-4e5c-b8ba-d02133f637db,wireless.creditcard,available,144.99,144.99,high,low,8,namesilo,,,27/09/2026 09:37
d1952e16-9932-48d4-bf7e-2747281faa0c,aniseed.creditcard,available,144.99,144.99,high,low,7,namesilo,,,19/09/2026 09:27
e6adf249-f03b-43a6-8b26-a4949c27f2bb,jena.creditcard,available,144.99,144.99,medium,low,4,namesilo,,,22/09/2026 15:18
6488a3cc-d69c-4896-89b7-f4363469de34,trauma.creditcard,available,144.99,144.99,high,low,6,namesilo,,,25/09/2026 07:04
d3d9ad29-00ae-409b-8e18-b54264b70dc6,incoming.creditcard,available,9.99,236.99,high,low,8,name.com,,,22/08/2026 01:44
4e74370b-a51e-4842-8e4a-5511c4df2ce1,abronia.creditcard,available,144.99,144.99,medium,low,7,namesilo,,,16/09/2026 17:19
18e10ce6-3aff-4436-84a8-432741136f75,williamstown.creditcard,available,129.2,129.2,medium,low,12,spaceship,,,29/09/2026 22:48
bfb5389b-fd1d-4617-8ba1-f7debad718f6,thrilled.creditcard,available,144.99,144.99,high,low,8,namesilo,,,11/09/2026 14:36
e1db00db-e6b5-4199-969f-e316f281c09e,erroneous.creditcard,available,9.99,236.99,medium,low,9,name.com,,,17/08/2026 12:56
d8d2f35d-de25-42f5-8d72-297f78bcd91d,sls.creditcard,available,156.98,168.98,high,low,3,namecheap,,,30/09/2026 18:39
ca25fff7-a71a-4a6e-94ea-e45859b3e2f7,calcium.creditcard,available,144.99,144.99,high,low,7,namesilo,,,20/09/2026 22:32
86b602cd-2e7b-4d55-a516-4a1fcbc2e35d,bradley.creditcard,available,144.99,144.99,high,low,7,namesilo,,,25/09/2026 02:09
383cb984-4d5f-42b8-ac74-aea09f88d0f7,zelda.creditcard,available,125.2,125.2,high,low,5,cloudflare,,,30/09/2026 07:37
83cc81f1-9969-49a2-8b36-b32e59177931,amicably.creditcard,available,156.98,168.98,medium,low,8,namecheap,,,13/09/2026 19:29
427fdbce-a1b9-4344-9ac3-f7d0038b5870,dorsum.creditcard,available,9.99,236.99,medium,low,6,name.com,,,08/08/2026 05:12
9c4fac19-55da-4cc0-80da-c3ac99d72566,backgrounds.creditcard,available,144.99,144.99,medium,low,11,namesilo,,,20/09/2026 22:12
cab4b59a-6ae0-4d48-8d5c-18fc77bcb161,times.creditcard,available,129.2,129.2,high,low,5,spaceship,,,30/09/2026 13:17
11ea74be-a6cc-4ccc-8ef9-8912a69bd673,ivo.creditcard,available,125.2,125.2,high,low,3,cloudflare,,,30/09/2026 04:54
54f834ab-f393-4a1f-b819-7b520d4bb41a,inhalant.creditcard,available,9.99,236.99,high,low,8,name.com,,,22/08/2026 05:02
53b9899c-b70a-44ff-9b7e-a75bc626a6c0,fetal.creditcard,available,9.99,236.99,high,low,5,name.com,,,18/08/2026 02:16
1b744748-63f7-4b37-a471-cbf317eafede,guests.creditcard,available,144.99,144.99,medium,low,6,namesilo,,,25/09/2026 17:02
2aff9cb3-52cb-45e5-a5ab-81da97b85679,adad.creditcard,available,144.99,144.99,medium,low,4,namesilo,,,17/09/2026 06:02
235a8e34-8ea1-4ccf-8406-f00bb1d91a9d,stabilize.creditcard,available,144.99,144.99,high,low,9,namesilo,,,30/09/2026 03:14
13a81393-daa9-4dae-8bab-3ba247947205,vicinal.creditcard,available,144.99,144.99,medium,low,7,namesilo,,,13/09/2026 05:27
11f9abef-d5e8-4fc4-88e8-9c9cdf6c99b3,gutenberg.creditcard,available,5.66,129.25,high,low,9,porkbun,,,01/10/2026 02:22
949eac18-266b-48ed-b0f8-1cc839eca140,sex.creditcard,premium,414.2,414.2,high,medium,3,spaceship,,,30/09/2026 11:00
27b079c1-4aa4-4133-bc63-e4668c4570c5,leinster.creditcard,available,129.2,129.2,medium,low,8,spaceship,,,29/09/2026 09:29
79de42f7-1135-45fd-9b45-8bc8e5031b4e,unload.creditcard,available,5.66,129.25,high,low,6,porkbun,,,29/09/2026 08:24
0cbdc25c-88e4-470b-b45f-567a6ae517b7,promises.creditcard,available,144.99,144.99,medium,low,8,namesilo,,,27/09/2026 03:01
a0b1f3f6-5cfc-42c4-ae16-74b360e3b8fd,smith.creditcard,available,125.2,125.2,high,medium,5,cloudflare,,,28/09/2026 18:16
8feaf935-222f-4a57-a613-37a434f32282,authorised.creditcard,available,144.99,144.99,high,low,10,namesilo,,,22/09/2026 13:51
3102a6fb-f8e0-4ac1-ac87-a4922fd021c1,corresponding.creditcard,available,9.99,,medium,low,13,name.com,,,
3cf6249a-0613-4eef-bb64-d6e6d48c9846,berlioz.creditcard,available,156.98,168.98,medium,low,7,namecheap,,,23/09/2026 09:39
68144620-e72e-45a3-80d6-4d043424363c,determinant.creditcard,available,125.2,125.2,high,low,11,cloudflare,,,30/09/2026 19:21
837ad778-aa5b-4a97-b5dc-81321a11faf8,welcoming.creditcard,available,144.99,144.99,high,low,9,namesilo,,,13/09/2026 10:14
96875a27-3fe6-48cb-b2fd-39b8716bcf76,everyplace.creditcard,available,144.99,144.99,medium,low,10,namesilo,,,14/09/2026 16:38
9b146a12-29fb-45f5-bf3c-54490f3f9cfe,disrupt.creditcard,available,9.99,236.99,high,low,7,name.com,,,13/08/2026 12:40
35f4b764-57f5-43c6-ac03-59f1fdc5db4d,accountancy.creditcard,available,9.99,,high,low,11,name.com,,,
39fe8cd6-c7ff-4121-9b45-b04cf3ba0fcc,murine.creditcard,available,144.99,144.99,medium,low,6,namesilo,,,03/09/2026 11:04
02ff40df-d848-4f77-bdc3-88298500b117,elected.creditcard,available,9.99,236.99,high,low,7,name.com,,,16/08/2026 02:35
8545e5d3-3882-48a4-9e55-e98978a7842f,yost.creditcard,available,156.98,168.98,medium,low,4,namecheap,,,29/09/2026 22:40
acaaf372-df43-43a3-b07d-e1d182d15fb4,snooty.creditcard,available,9.99,236.99,medium,low,6,name.com,,,09/08/2026 20:39
e514fd03-b9c6-4616-8769-5886703e7f46,vectors.creditcard,available,249.99,249.99,medium,low,7,godaddy,,,01/10/2026 00:02
fed62cfe-0c68-4185-9429-7286bb5ed989,behaviours.creditcard,available,144.99,144.99,medium,low,10,namesilo,,,20/09/2026 22:06
58cbf3cb-3252-4b2c-92c4-f02403861af0,anatomic.creditcard,available,9.99,236.99,medium,low,8,name.com,,,
4b4e0bf7-838a-40d6-8e9c-a0991ffeccef,disciple.creditcard,available,9.99,236.99,high,low,8,name.com,,,
396d1109-cf25-4b3f-af8e-0ff8c5801f1e,cube.creditcard,available,144.99,144.99,high,medium,4,namesilo,,,29/09/2026 12:58
4e5f35f5-abe4-4cc8-8e2d-4e2af552f64a,unspaced.creditcard,available,156.98,168.98,low,low,8,namecheap,,,12/09/2026 20:24
ce462502-e0d0-49c6-9690-d7094ebc7726,doubt.creditcard,available,125.2,125.2,high,low,5,cloudflare,,,29/09/2026 16:37
a9142857-e8ae-40a9-bf5e-7f53dd6ac19f,nutlike.creditcard,available,144.99,144.99,medium,low,7,namesilo,,,03/09/2026 23:16
6491334b-8229-48d3-bc6c-11d7bedddea0,type.creditcard,resell,,,high,low,4,,,,30/09/2026 14:06
56b9c8b7-3203-4f00-b359-67e4eebe3156,enron.creditcard,available,144.99,144.99,high,low,5,namesilo,,,30/09/2026 04:20
45377499-8105-439d-bee3-44bfffa376d4,offshore.creditcard,available,144.99,144.99,high,low,8,namesilo,,,04/09/2026 01:37
6283ece0-6c52-4324-8323-d4860343c610,ascend.creditcard,available,144.99,144.99,high,medium,6,namesilo,,,30/09/2026 03:12
ce5a0916-02ff-473a-9fb7-40cd1e342d6f,focussed.creditcard,available,9.99,236.99,high,low,8,name.com,,,18/08/2026 09:47
c967b9a4-4f1f-4173-84cf-08abaefa0a38,lenox.creditcard,available,129.2,129.2,medium,low,5,spaceship,,,28/09/2026 22:22
84a0ec80-31a7-4e24-a4bd-0a1b2177cebb,decorous.creditcard,available,9.99,236.99,medium,low,8,name.com,,,09/08/2026 06:21
fa064fdf-4e1a-4d39-9fd6-8ccb671851f0,ostensive.creditcard,available,144.99,144.99,medium,low,9,namesilo,,,04/09/2026 18:31
27ae5f8f-8a28-42e0-989e-a683b48860b0,attorneys.creditcard,available,125.2,125.2,medium,low,9,cloudflare,,,28/09/2026 13:24
d3e87917-1be8-450d-b7e7-646990c01a8e,cas.creditcard,available,144.99,144.99,high,low,3,namesilo,,,27/09/2026 23:14
6e9c7090-6b35-47e8-86d7-47bbc95b572d,arbitrage.creditcard,available,156.98,168.98,high,low,9,namecheap,,,20/09/2026 00:42
e0f099c7-c983-4ef0-a6c4-7eb16aa86aec,barcarole.creditcard,available,144.99,144.99,medium,low,9,namesilo,,,22/09/2026 05:06
bd83b126-d243-4e32-b9f5-57fe76cbcf61,carat.creditcard,available,144.99,144.99,high,low,5,namesilo,,,24/09/2026 12:45
e6432a9d-e61d-41a8-9ab4-8f47f37cbf62,disrupted.creditcard,available,9.99,236.99,medium,low,9,name.com,,,14/08/2026 12:19
8731ecc0-af71-4ff9-bcb4-26a63d1a0d80,breeze.creditcard,available,144.99,144.99,high,low,6,namesilo,,,28/09/2026 09:12
6bf94e81-a146-488a-a2fe-e0d5461069a5,given.creditcard,available,144.99,144.99,high,low,5,namesilo,,,24/09/2026 22:16
dc8e182c-363d-435e-9886-2598b1b732e7,bedframe.creditcard,available,144.99,144.99,medium,low,9,namesilo,,,22/09/2026 23:17
211c6d76-7a02-4112-b6a3-0958e9337105,lon.creditcard,available,144.99,144.99,medium,low,3,namesilo,,,28/09/2026 11:31
38e5cb52-1540-4953-a95e-5dadb27b5f5b,blown.creditcard,available,9.99,236.99,medium,low,5,name.com,,,10/08/2026 15:36
e76cea16-975b-4f0a-bd0f-3fb4b9d39ae9,copland.creditcard,available,144.99,144.99,medium,low,7,namesilo,,,16/09/2026 13:32
85725068-df70-413d-900e-2a28746cc1f1,tis.creditcard,available,144.99,144.99,high,low,3,namesilo,,,29/09/2026 23:40
e825b2b7-d797-40b3-a77a-020b448cfa08,improvised.creditcard,available,9.99,236.99,high,low,10,name.com,,,21/08/2026 23:19
7e0fd64f-4698-4d90-8638-e2cedd97eb36,arrowroot.creditcard,available,156.98,168.98,medium,low,9,namecheap,,,17/09/2026 00:43
031276bb-f2cb-4e1f-bb5c-4e823c7bcc53,beloved.creditcard,available,9.99,236.99,high,low,7,name.com,,,09/08/2026 13:47
1ff5b693-059c-4008-b7d6-aecca4a5955a,tastes.creditcard,available,144.99,144.99,medium,low,6,namesilo,,,19/09/2026 00:38
e6e82e85-081e-477d-b0e8-e5e7e47ac56f,unfunny.creditcard,available,144.99,144.99,medium,low,7,namesilo,,,12/09/2026 11:05
d5f0155d-f6f0-4344-8ce1-68aebbabb8fa,bittern.creditcard,available,144.99,144.99,medium,low,7,namesilo,,,23/09/2026 23:02
4322bb37-d65e-4c13-8a2f-247ef7c32f44,brabant.creditcard,available,156.98,168.98,high,low,7,namecheap,,,29/09/2026 08:28
34ec1558-60e9-4fa0-a01d-5fa593c84bd8,barrelfish.creditcard,available,144.99,144.99,medium,low,10,namesilo,,,22/09/2026 08:20
f3b131db-2645-4c28-bf55-f30fa2f5d9b3,tokyo.creditcard,premium,242,242,high,low,5,namesilo,,,24/09/2026 12:18
25fad075-c8c9-41e5-b260-8f533e8ebf1a,fai.creditcard,available,144.99,144.99,high,low,3,namesilo,,,29/09/2026 09:08
378ad10b-9285-4d22-9d66-94861cf4e951,mislabeled.creditcard,available,9.99,236.99,medium,low,10,name.com,,,25/08/2026 01:21
08773097-fc47-465a-9d86-cfa4debbb145,spaghetti.creditcard,available,125.2,125.2,high,low,9,cloudflare,,,28/09/2026 15:23
b9bbe63b-8b7e-4571-a0ce-f63f3272cc04,excavate.creditcard,available,9.99,236.99,high,low,8,name.com,,,21/08/2026 10:33
430f11a1-664a-4e2f-bb42-6f17024ba981,general.creditcard,available,9.99,236.99,high,low,7,name.com,,,18/08/2026 21:23
bfa80648-e65b-4677-ba4a-ec3a59337f2e,jensen.creditcard,available,156.98,168.98,high,low,6,namecheap,,,25/09/2026 07:58
5e5aca39-3929-4491-81d8-e63ef118c9c5,rooster.creditcard,available,125.2,125.2,high,low,7,cloudflare,,,29/09/2026 13:52
09b5225c-d3f9-409b-be85-5b0992b212f3,backchat.creditcard,available,144.99,144.99,medium,low,8,namesilo,,,21/09/2026 15:20
cef00aac-d3aa-4a37-902f-f0279416ab00,shack.creditcard,available,144.99,144.99,high,low,5,namesilo,,,24/09/2026 23:26
ea475415-6098-47b5-8f01-4e87b99f361a,limitation.creditcard,available,144.99,144.99,medium,low,10,namesilo,,,30/09/2026 03:01
9de3d8a9-ba9f-4d60-be23-44469bc33006,misleading.creditcard,available,9.99,236.99,medium,low,10,name.com,,,25/08/2026 01:34
63fab3e5-5914-4638-8203-9bad7e129655,sbs.creditcard,available,144.99,144.99,high,low,3,namesilo,,,29/09/2026 03:45
562c3b0b-3d4d-4c3a-9fa8-a2b796de8ca9,spirea.creditcard,available,144.99,144.99,medium,low,6,namesilo,,,20/09/2026 17:27
61788ff0-1315-4753-ba24-62615731943e,rappel.creditcard,available,144.99,144.99,medium,low,6,namesilo,,,16/09/2026 17:38
d3fce177-b6c2-458b-8a5c-092199f1ed1f,baklava.creditcard,available,156.98,168.98,high,low,7,namecheap,,,21/09/2026 20:21
61be4940-a3b0-4e11-ba70-1a4b8bd34e9d,favored.creditcard,available,156.98,168.98,high,low,7,namecheap,,,22/09/2026 20:01
b6712670-5a49-4e95-a79c-9317d743217d,annals.creditcard,available,156.98,168.98,high,low,6,namecheap,,,19/09/2026 10:05
cbf28d99-0041-4fe3-8d11-8551964a33e2,starlight.creditcard,available,156.98,168.98,high,medium,9,namecheap,,,30/09/2026 18:51
77beca27-36c6-4fc1-83c9-eb8026fcff62,circled.creditcard,available,144.99,144.99,high,low,7,namesilo,,,30/09/2026 16:02
189baf86-197f-4216-8f1a-c56e4710c54d,manila.creditcard,premium,207.2,207.2,high,low,6,spaceship,,,29/09/2026 07:06
2fbe72e6-f296-4cb6-ba93-a2f20c6fa29e,individually.creditcard,available,125.2,125.2,medium,low,12,cloudflare,,,29/09/2026 16:19
d667f43b-eda9-4df9-8a95-126a9fdfe089,forrad.creditcard,available,9.99,236.99,medium,low,6,name.com,,,18/08/2026 12:58
82be1778-c3fa-4069-b391-c84133657e39,formicary.creditcard,available,144.99,144.99,medium,low,9,namesilo,,,19/09/2026 13:26
01af2a62-e182-425e-a90d-a7c495b67d8d,crescent.creditcard,available,9.99,236.99,high,low,8,name.com,,,13/08/2026 06:14
4412a86a-9030-4728-b414-a67c6c22a01a,sturdy.creditcard,available,9.99,236.99,high,low,6,name.com,,,21/08/2026 00:56
6dc053f6-349b-4006-bc92-870839cfad8d,griffiths.creditcard,available,156.98,168.98,medium,low,9,namecheap,,,26/09/2026 03:40
5b31ca99-5712-4aac-8e7c-d125ae344789,slavelike.creditcard,available,144.99,144.99,medium,low,9,namesilo,,,10/09/2026 10:32
a3291eb2-1424-4603-8249-45b40f6054bd,shambles.creditcard,available,144.99,144.99,medium,low,8,namesilo,,,16/09/2026 14:17
48cc3dab-6ed2-415d-a5ed-d925139da2a5,eightfold.creditcard,available,9.99,236.99,medium,low,9,name.com,,,15/08/2026 21:27
2b1866db-b008-415d-9768-5dd48f8979d7,across.creditcard,available,144.99,144.99,high,low,6,namesilo,,,28/09/2026 11:43
a07a4b5b-9048-43d7-9c18-db29661f05a8,traces.creditcard,available,144.99,144.99,medium,low,6,namesilo,,,28/09/2026 08:47
9f5af67a-c838-4fe8-b132-b881eff13897,marxist.creditcard,available,9.99,236.99,high,low,7,name.com,,,10/08/2026 17:53
53bb5e12-8590-4e37-a23a-2ad5f993a290,airfare.creditcard,available,144.99,144.99,high,low,7,namesilo,,,17/09/2026 23:10
8d2d0103-5521-43cf-a4ff-76fb3148ed13,tianjin.creditcard,available,156.98,168.98,medium,low,7,namecheap,,,29/09/2026 02:17
2631fa10-209d-4ac1-b473-c8e59d1b2d05,song.creditcard,available,156.98,168.98,high,low,4,namecheap,,,29/09/2026 02:49
b7cfed2b-bcbf-46f7-bc90-1ef897216762,actinism.creditcard,available,156.98,168.98,medium,low,8,namecheap,,,17/09/2026 04:50
a17e5e2e-afaf-4793-b6af-50495ddf917a,huts.creditcard,available,144.99,144.99,medium,low,4,namesilo,,,30/09/2026 15:30
5c85b197-7db5-4b18-8772-a6fb04cc4b57,welkin.creditcard,available,9.99,236.99,medium,low,6,name.com,,,16/08/2026 21:01
9f2fa30b-fe19-4b06-84cf-d771872f817b,livermore.creditcard,available,5.57,133.52,medium,low,9,dynadot,,,28/09/2026 10:16
6757b497-b362-424f-a0dc-48540454514e,prohibited.creditcard,available,9.99,236.99,medium,low,10,name.com,,,08/08/2026 13:48
4d450faf-078f-4cc7-9c09-ba3809626586,betimes.creditcard,available,9.99,236.99,medium,low,7,name.com,,,13/09/2026 23:59
d400b984-5132-4167-93ff-7e17f840e30f,occupational.creditcard,available,144.99,144.99,medium,low,12,namesilo,,,29/09/2026 03:01
db9b76f3-edb6-42f1-a2f9-989c512192ab,politician.creditcard,available,144.99,144.99,high,low,10,namesilo,,,28/09/2026 10:44
dc66c907-5c2f-4a52-806e-5b549eb09052,sexed.creditcard,available,144.99,144.99,medium,low,5,namesilo,,,10/09/2026 05:13
11b5b5d5-ae54-4443-b140-b23c545e6fde,fellow.creditcard,available,144.99,144.99,high,low,6,namesilo,,,22/09/2026 21:55
673fcb63-5b76-4db1-ad64-499776ae665d,attach.creditcard,available,156.98,168.98,high,low,6,namecheap,,,23/09/2026 19:57
d4cd81f5-d9cd-45f8-a1ab-bdf6600a8d05,animism.creditcard,available,9.99,236.99,medium,low,7,name.com,,,19/09/2026 09:19
1a9f4d6f-5c7e-4e97-818a-49a72f0987b1,beeper.creditcard,available,144.99,144.99,high,low,6,namesilo,,,23/09/2026 01:31
97ac3e2d-841d-44f7-9bcc-8b0c4234c475,ribbons.creditcard,available,144.99,144.99,medium,low,7,namesilo,,,20/09/2026 07:05
f0ae5ff1-b210-49d6-902a-54dbbc134dd1,semitropic.creditcard,available,144.99,144.99,medium,low,10,namesilo,,,10/09/2026 03:36
83f03a1a-f1b9-4da7-8f76-5caa32028082,effectively.creditcard,available,9.99,,medium,low,11,name.com,,,
3f99f75d-afc7-4ad2-a3de-ad75b938b8c7,receiving.creditcard,available,125.2,125.2,high,low,9,cloudflare,,,27/09/2026 17:11
1a114977-563c-4ed2-8603-e8ffee265677,prof.creditcard,available,129.2,129.2,high,low,4,spaceship,,,28/09/2026 20:15
582e8b6b-07d7-4e47-8209-40978e765d98,reversible.creditcard,available,5.57,133.52,high,low,10,dynadot,,,27/09/2026 14:17
9f494113-4970-439b-a593-6ffe8e2af86d,curious.creditcard,available,144.99,144.99,high,low,7,namesilo,,,24/09/2026 03:57
b9972aab-b998-459c-a1e6-325c071b0d45,experienced.creditcard,available,9.99,,high,low,11,name.com,,,
9641c91f-18e9-48ec-a3d0-26d304e63da7,androgyne.creditcard,available,9.99,236.99,medium,low,9,name.com,,,17/08/2026 10:38
41674cee-1909-46db-87fc-03f75ba71f21,famed.creditcard,available,9.99,236.99,high,low,5,name.com,,,11/08/2026 23:12
e642e431-fc84-49f2-9247-1e536160672b,palaver.creditcard,available,144.99,144.99,medium,low,7,namesilo,,,23/09/2026 23:26
b7ef2054-7534-4b5c-bdf5-f1fddeebae03,quadrilateral.creditcard,available,5.57,133.52,medium,low,13,dynadot,,,30/09/2026 19:15
910729ea-9bfe-4399-b757-b0d2db51e0f4,individual.creditcard,available,156.98,168.98,high,low,10,namecheap,,,23/09/2026 13:06
50f87f1e-6e19-4680-ab28-4be9dbd50376,antipodean.creditcard,available,9.99,236.99,medium,low,10,name.com,,,
d11f0f81-d531-4f97-80bc-99f5d72b426e,courts.creditcard,available,129.2,129.2,high,low,6,spaceship,,,28/09/2026 03:42
3229da29-8489-4afe-9807-f436e882f9ae,laurels.creditcard,available,144.99,144.99,high,low,7,namesilo,,,16/09/2026 22:48
be823122-c999-45e2-9937-793c062d4456,trusted.creditcard,available,129.2,129.2,high,medium,7,spaceship,,,28/09/2026 08:06
a2782339-b5f1-4f9e-b53b-0afb3a458d8c,reaching.creditcard,available,144.99,144.99,high,low,8,namesilo,,,20/09/2026 09:16
137ef45f-f6d8-4164-963f-a5d6a89599b5,somme.creditcard,available,144.99,144.99,medium,low,5,namesilo,,,22/09/2026 16:09
5b4c4582-869f-45ff-a143-a0acd641d86c,mothy.creditcard,available,9.99,236.99,low,low,5,name.com,,,25/08/2026 07:14
1266ddd0-f968-4c15-8183-6e54303f2993,bigarade.creditcard,available,156.98,168.98,medium,low,8,namecheap,,,23/09/2026 15:03
5750d0b0-100c-488d-82bf-ead2159a9c6a,probe.creditcard,available,129.2,129.2,high,low,5,spaceship,,,28/09/2026 10:09
eaabb9ed-d957-497e-b60a-e2f01198e031,aneurism.creditcard,available,144.99,144.99,medium,low,8,namesilo,,,19/09/2026 05:43
72e6e181-c320-4fcc-ae31-e5ead814f380,drubbing.creditcard,available,144.99,144.99,medium,low,8,namesilo,,,13/09/2026 07:58
a2c05a98-6adf-4cc4-b7c4-b3e9381dc2ee,minimums.creditcard,available,144.99,144.99,medium,low,8,namesilo,,,20/09/2026 08:36
42f10517-5929-4648-a88a-bcb34d3df77c,musset.creditcard,available,144.99,144.99,medium,low,6,namesilo,,,18/09/2026 06:29
c99dfc79-9aaa-4d67-8957-f2079d914e46,topics.creditcard,available,156.98,168.98,high,low,6,namecheap,,,30/09/2026 14:57
a6da9187-2588-40a6-b5fd-28192be5fec8,topologic.creditcard,available,156.98,168.98,medium,low,9,namecheap,,,11/09/2026 17:52
8af4afe9-8ec0-4f64-8510-3b2dec129f82,palatial.creditcard,available,144.99,144.99,high,low,8,namesilo,,,04/09/2026 23:22
183b8d19-cf1f-4eff-9ea4-7dbc5f3d9828,sicilian.creditcard,available,144.99,144.99,high,low,8,namesilo,,,10/09/2026 07:29
b8303764-4587-477a-9619-4c4996ab090a,bergamot.creditcard,available,144.99,144.99,high,low,8,namesilo,,,23/09/2026 09:18
cc3abd45-af00-44e5-aeae-a37a441d7ebf,buchan.creditcard,available,144.99,144.99,medium,low,6,namesilo,,,30/09/2026 13:55
801c016f-b77e-4502-af32-7b76f0d834c6,collision.creditcard,available,144.99,144.99,high,low,9,namesilo,,,29/09/2026 10:17
e81e558f-8343-4105-b7c3-22953d23a24e,jeffery.creditcard,available,129.2,129.2,medium,low,7,spaceship,,,29/09/2026 09:37
a94b900d-4235-4f1b-aa12-da3f3d6a42d6,engage.creditcard,available,129.2,129.2,high,low,6,spaceship,,,29/09/2026 22:50
75a5ec3f-a261-4941-9bdb-b2f5ada3db37,oath.creditcard,available,5.57,133.52,high,low,4,dynadot,,,27/09/2026 12:47
dadadb46-f075-4dc4-9d5b-eee19724c334,transforming.creditcard,available,144.99,144.99,high,low,12,namesilo,,,29/09/2026 23:19
11d8b688-6a85-43a2-88d0-373b492ef3c8,crook.creditcard,available,9.99,236.99,medium,low,5,name.com,,,13/08/2026 06:27
08b6ef13-888e-42f2-891e-5cfa520da55e,passages.creditcard,available,156.98,168.98,medium,low,8,namecheap,,,29/09/2026 16:50
5bd3317d-22e1-4614-b0f5-3b5da7750ea7,berries.creditcard,available,156.98,168.98,medium,low,7,namecheap,,,19/09/2026 15:37
f254f5eb-8e4e-4906-9aad-73b1f83418a8,baleful.creditcard,available,9.99,236.99,medium,low,7,name.com,,,08/08/2026 09:39
bf170471-5649-47f0-9f90-9f06ded0a81d,flak.creditcard,available,9.99,236.99,medium,low,4,name.com,,,
cf54ed10-90cf-456d-8b49-85089cb40b88,lumpish.creditcard,available,9.99,236.99,medium,low,7,name.com,,,24/08/2026 11:12
07a2cc61-c8e0-4336-91df-4049d5738e31,supplies.creditcard,available,9.99,,medium,low,8,name.com,,,
3e72b560-a688-40d9-961e-fed01b7a9eaf,pensive.creditcard,available,9.99,236.99,medium,low,7,name.com,,,11/08/2026 06:00
736ff6b3-678f-4ae8-8ecd-1f781d56e8b7,justly.creditcard,available,144.99,144.99,high,low,6,namesilo,,,15/09/2026 10:18
25859510-af3b-461d-a48d-21335852dfaf,peafowl.creditcard,available,156.98,168.98,high,low,7,namecheap,,,23/09/2026 20:05
2c3dbaed-70c7-4a4c-b753-8f06b8aac806,beach.creditcard,available,5.57,133.52,high,low,5,dynadot,,,29/09/2026 01:36
42f6c439-ff0d-427a-9ed2-0330803beb56,ankylosaur.creditcard,available,144.99,144.99,medium,low,10,namesilo,,,19/09/2026 09:52
387f1a57-4a82-4408-9f1c-1bb4265bb0f3,appraisals.creditcard,available,144.99,144.99,medium,low,10,namesilo,,,08/09/2026 07:32
4b5fe62b-3028-42e4-9ace-039c42e5f9bf,logistic.creditcard,available,9.99,236.99,high,low,8,name.com,,,24/08/2026 08:52
71dfd932-d8dd-4b57-9be3-96d83edcd968,bioassay.creditcard,available,144.99,144.99,medium,low,8,namesilo,,,23/09/2026 17:38
a8135930-b0a6-41b3-965a-a422e1446290,unselfish.creditcard,available,156.98,168.98,high,low,9,namecheap,,,12/09/2026 19:16
a193b4ca-0ab8-447a-821c-38de61307d16,fannie.creditcard,available,125.2,125.2,medium,low,6,cloudflare,,,28/09/2026 12:06
c54cb149-9009-46ec-8186-59f611c3b853,mainz.creditcard,available,144.99,144.99,high,low,5,namesilo,,,28/09/2026 03:51
3ac33dab-d2f7-4c66-9ea2-34817eb9451d,reginald.creditcard,available,144.99,144.99,high,low,8,namesilo,,,25/09/2026 15:10
29585dc0-bb16-481f-bea1-d9ea607d5e51,departing.creditcard,available,125.2,125.2,high,low,9,cloudflare,,,29/09/2026 14:42
665d578e-d81c-49d5-9644-d0a90c68ad0c,systematically.creditcard,available,9.99,,medium,low,14,name.com,,,
9dfd4432-e66d-4704-bfe2-022ce57dbf07,pellucid.creditcard,available,9.99,236.99,high,low,8,name.com,,,13/08/2026 09:44
f28c34ef-0fa5-4bf4-b7d5-84118f159341,transport.creditcard,available,144.99,144.99,high,low,9,namesilo,,,28/09/2026 08:14
6d2dbf19-cbe0-4a84-ac0f-c9a12a9fcd5f,yearlong.creditcard,available,144.99,144.99,medium,low,8,namesilo,,,13/09/2026 14:24
0bcdfb25-bcdd-4425-a6b0-5ff69dedb85f,conjugal.creditcard,available,9.99,236.99,medium,low,8,name.com,,,12/08/2026 22:07
5f750ecc-bcf5-44b5-9ba7-41ff5b6417ed,multistory.creditcard,available,144.99,144.99,medium,low,10,namesilo,,,03/09/2026 10:56
47f10dc7-c0a8-4d37-92b7-3a0fa030e5e8,corsair.creditcard,available,144.99,144.99,high,low,7,namesilo,,,22/09/2026 04:33
93e85c07-8428-42d0-85b0-5b15c9761ed7,hooter.creditcard,available,156.98,168.98,medium,low,6,namecheap,,,21/09/2026 07:22
dbbd9d65-b8e9-4a09-a557-c4b222765372,golf.creditcard,available,129.2,129.2,high,medium,4,spaceship,,,29/09/2026 20:59
b15f110b-fb8f-4a85-99ae-16201cf100d1,arbiter.creditcard,available,144.99,144.99,high,low,7,namesilo,,,20/09/2026 00:41
886e7b85-1a8c-46c1-90c8-4bf7118d07fd,determination.creditcard,available,156.98,168.98,high,low,13,namecheap,,,19/09/2026 18:25
a20772d4-8c0f-491d-8003-7d59f0225d8c,connexion.creditcard,available,125.2,125.2,high,low,9,cloudflare,,,29/09/2026 18:26
dc28b53f-4e17-45f6-8f08-0897a76da6ef,bds.creditcard,available,156.98,168.98,high,low,3,namecheap,,,30/09/2026 05:27
75b655ef-cbfe-4a03-973c-e8a898a01e9d,spunky.creditcard,available,9.99,236.99,high,low,6,name.com,,,18/08/2026 00:49
083e5d41-50c2-42c9-9ec1-bd74e0d419d0,pablo.creditcard,available,5.57,133.52,high,low,5,dynadot,,,28/09/2026 11:58
1a94b4b2-6ef3-469c-b3b3-6d86611c8d64,bestial.creditcard,available,9.99,236.99,medium,low,7,name.com,,,09/08/2026 17:57
ffbe7db7-937d-4998-b3ea-8a7321f70668,equanimous.creditcard,available,9.99,236.99,medium,low,10,name.com,,,17/08/2026 11:37
d37ae1ab-2d93-4ec1-ad7c-c980958c6b8c,ontogeny.creditcard,available,9.99,236.99,medium,low,8,name.com,,,20/08/2026 20:29
a38a4d84-72b9-4490-82e6-49ca9a31762a,usps.creditcard,available,125.2,125.2,high,low,4,cloudflare,,,01/10/2026 04:05
a4711ac1-38f1-4c57-9945-df5cbbcea9ce,absurdly.creditcard,available,144.99,144.99,medium,low,8,namesilo,,,13/09/2026 16:46
833b92b7-b53b-4d8f-9c5f-0e366da53da3,minty.creditcard,available,9.99,236.99,high,low,5,name.com,,,25/08/2026 00:53
9a314c27-91a5-4b52-a7ac-c96ca55be039,indications.creditcard,available,144.99,144.99,medium,low,11,namesilo,,,30/09/2026 07:15
a715a989-a37e-49bc-8fcd-82766879ebf8,hare.creditcard,available,129.2,129.2,medium,low,4,spaceship,,,29/09/2026 01:14
bba396be-9dda-4421-aba5-d4bd6968449f,discontinuity.creditcard,available,144.99,144.99,medium,low,13,namesilo,,,30/09/2026 11:55
f351fbfe-d09e-41f3-b8f0-52b99a5b9c4b,indisposed.creditcard,available,9.99,236.99,medium,low,10,name.com,,,
08f1317b-c390-4d9b-bf25-aee3c42b37e7,suggest.creditcard,available,5.57,133.52,high,low,7,dynadot,,,29/09/2026 22:49
cd3845ef-0c81-4a9d-962d-0d4b12479600,shakedown.creditcard,available,144.99,144.99,medium,low,9,namesilo,,,10/09/2026 05:40
43e048e8-dd2f-4f9c-9ca4-69247c6478d3,countries.creditcard,available,9.99,,medium,low,9,name.com,,,
0d182900-3266-4d6e-ad51-921c5644b456,barefoot.creditcard,available,9.99,236.99,medium,low,8,name.com,,,08/08/2026 18:54
e24372b0-1073-4494-9866-20930d0218ea,shaped.creditcard,available,9.99,236.99,high,low,6,name.com,,,25/08/2026 03:44
a716c591-0522-4c73-b585-383cf95cdf1b,requests.creditcard,available,144.99,144.99,high,low,8,namesilo,,,17/09/2026 17:07
f127458b-be98-49df-ac38-f98cf7101d39,intentionally.creditcard,available,129.2,129.2,medium,low,13,spaceship,,,28/09/2026 21:25
739b98e7-34cc-47ba-916d-8e413a2625a6,estranged.creditcard,available,9.99,236.99,medium,low,9,name.com,,,17/08/2026 13:30
fa9244c8-bfcb-4d46-b648-0148c3174c54,arrived.creditcard,available,144.99,144.99,medium,low,7,namesilo,,,17/09/2026 14:03
346ecced-e32b-40b0-91cf-2a424275430b,neoplastic.creditcard,available,144.99,144.99,medium,low,10,namesilo,,,03/09/2026 15:29
1c2e93cc-e042-40e2-a035-028e1805cd42,agreements.creditcard,available,144.99,144.99,medium,low,10,namesilo,,,17/09/2026 03:09
6d7c592b-658f-4e27-b653-4ecf28884469,nickelodeon.creditcard,available,9.99,,high,low,11,name.com,,,
043e1013-c301-4755-a765-ae9bad7e29a5,ballpark.creditcard,available,144.99,144.99,high,low,8,namesilo,,,19/09/2026 22:25
c802274c-3dfa-41c7-8c78-4dc0bc6022be,upright.creditcard,available,9.99,236.99,high,low,7,name.com,,,17/08/2026 12:05
eb9065d8-6251-4f2b-8541-e8c37044fbb8,scares.creditcard,available,129.2,129.2,low,low,6,spaceship,,,30/09/2026 07:09
7ad8172a-3feb-4812-92ca-11b6b7b37d12,anecdote.creditcard,available,144.99,144.99,high,low,8,namesilo,,,19/09/2026 05:07
d3c00a87-d341-411e-afab-8c1f50208426,feud.creditcard,available,5.66,129.25,high,low,4,porkbun,,,30/09/2026 01:37
899ac857-e3c0-45b3-b2da-d3a9333b9a58,settlers.creditcard,available,129.2,129.2,medium,low,8,spaceship,,,30/09/2026 06:58
96e6bdfa-f159-42cc-9073-455142c12d4f,broadcasting.creditcard,available,129.2,129.2,medium,low,12,spaceship,,,28/09/2026 12:27
24d16797-c173-4e9b-98a4-1d67fa76a011,billion.creditcard,available,144.99,144.99,high,low,7,namesilo,,,22/09/2026 20:43
5c94d93a-69df-457d-8d84-1dab84e1deb4,zeus.creditcard,available,249.99,249.99,high,medium,4,godaddy,,,28/09/2026 01:59
5ef50a65-afa8-430d-bad6-54fddc298e9c,sup.creditcard,available,129.2,129.2,high,low,3,spaceship,,,30/09/2026 12:28
3bb0d0cc-ff40-4f25-9c79-09909ecd54e1,krai.creditcard,available,129.2,129.2,medium,low,4,spaceship,,,30/09/2026 04:19
4aa6b9f9-d3d2-4824-bd1e-5909fe82ea79,aspects.creditcard,available,144.99,144.99,medium,low,7,namesilo,,,28/09/2026 23:07
eefc67db-384b-46f5-8464-f5ffbfe5183e,cyrillic.creditcard,available,9.99,236.99,medium,low,8,name.com,,,13/08/2026 14:33
667fc339-e524-4ea3-a516-3b29ab993e90,exilic.creditcard,available,9.99,236.99,medium,low,6,name.com,,,17/08/2026 17:19
a9fde59d-431c-42f4-94a0-8fa45c56ca4c,cheater.creditcard,available,144.99,144.99,medium,low,7,namesilo,,,23/09/2026 02:30
3bfba32d-d245-47ac-8818-7b9827c22040,treaty.creditcard,available,129.2,129.2,high,low,6,spaceship,,,28/09/2026 10:39
f2271fe7-fa1e-4e39-a748-9e867986ee48,lovers.creditcard,available,156.98,168.98,high,low,6,namecheap,,,27/09/2026 02:55
2add94ef-763e-4572-bcdf-937dd5e9dd75,trickster.creditcard,available,144.99,144.99,medium,low,9,namesilo,,,23/09/2026 02:57
b5a3fdd1-469a-47c0-ab2d-8228695a604d,upstart.creditcard,available,144.99,144.99,high,low,7,namesilo,,,25/09/2026 23:17
23402159-6322-48d5-bea4-063892c59d8d,kepler.creditcard,available,125.2,125.2,medium,low,6,cloudflare,,,29/09/2026 01:24
ac99c7c2-007d-4027-ac86-ffb07be04463,carribean.creditcard,available,9.99,,high,low,9,name.com,,,
11765619-9671-4482-b964-c7f62129d0b6,helen.creditcard,available,144.99,144.99,high,low,5,namesilo,,,25/09/2026 07:10
79bff771-093d-4c07-a9a0-8fd4c2297536,schuyler.creditcard,available,5.57,133.52,medium,low,8,dynadot,,,28/09/2026 04:05
a5b5bbc8-8296-4aa5-a9d7-d6154f351e54,bloodshed.creditcard,available,125.2,125.2,medium,low,9,cloudflare,,,30/09/2026 08:05
4c381af1-c451-4bd4-ae56-07996c720b3d,fairview.creditcard,available,144.99,144.99,medium,low,8,namesilo,,,28/09/2026 16:52
6303e747-954a-4405-aaf6-8b083f54ea7d,uprising.creditcard,available,156.98,168.98,medium,low,8,namecheap,,,29/09/2026 01:22
7358b596-bb02-4ea8-9107-aab464a06c2b,insular.creditcard,available,9.99,236.99,medium,low,7,name.com,,,22/08/2026 07:38
fea684d8-cb2e-4532-b364-10276b92f34a,waves.creditcard,available,144.99,144.99,high,low,5,namesilo,,,25/09/2026 16:36
6de92ed5-e056-45c5-8736-314295d86f98,jehovah.creditcard,available,9.99,236.99,high,low,7,name.com,,,
d0832246-64f0-4fd3-bd5a-79695b9306d4,monochrome.creditcard,available,9.99,236.99,high,low,10,name.com,,,25/08/2026 04:59
dde6e02a-422f-4ef7-ab57-d1dcbf615c92,avidness.creditcard,available,144.99,144.99,high,low,8,namesilo,,,21/09/2026 09:29
647097ad-f8d2-46e9-8208-9ac683212329,frisian.creditcard,available,9.99,236.99,medium,low,7,name.com,,,18/08/2026 15:59
8fa2a213-5e56-42c9-b82c-c8ddd67bff20,continuously.creditcard,available,9.99,,medium,low,12,name.com,,,
f13737d1-d4e5-49b3-8482-28e5e4aad0a1,homy.creditcard,available,9.99,236.99,medium,low,4,name.com,,,21/08/2026 11:08
b38d21c6-bf93-440e-ad5e-d68447cbf8b6,arguments.creditcard,available,156.98,168.98,medium,low,9,namecheap,,,16/09/2026 05:03
7b5f1978-ff45-44f0-8830-c80d82f3f780,abductor.creditcard,available,144.99,144.99,medium,low,8,namesilo,,,16/09/2026 14:54
a1570b8a-346e-488a-b671-4fde4a2a48d6,freshmen.creditcard,available,144.99,144.99,high,low,8,namesilo,,,29/09/2026 23:31
2c59aa40-6a35-4700-a2c3-86783701036c,sarasota.creditcard,available,129.2,129.2,medium,low,8,spaceship,,,28/09/2026 20:23
500964f9-fa96-4300-b690-1e157f860aa8,nicotine.creditcard,available,5.57,133.52,medium,low,8,dynadot,,,29/09/2026 19:49
81013029-c551-4e34-8bb6-344d48f14dbb,featherbed.creditcard,available,144.99,144.99,high,low,10,namesilo,,,21/09/2026 12:59
3e819920-a7b8-406b-a01c-161a63c017ca,continuum.creditcard,available,144.99,144.99,high,low,9,namesilo,,,01/10/2026 01:33
af89d0f9-dba3-4e39-b646-d7e917b6b2ba,antlia.creditcard,available,144.99,144.99,medium,low,6,namesilo,,,19/09/2026 15:21
d8af6377-9b1d-49da-8b08-bbc58307f856,prussian.creditcard,available,144.99,144.99,high,low,8,namesilo,,,09/09/2026 04:50
4bae34f5-985b-4389-a8c4-62afad141a02,tumor.creditcard,available,5.66,129.25,medium,low,5,porkbun,,,28/09/2026 10:32
220dec65-f0bd-4005-b4e2-ccbde39111be,recruit.creditcard,available,5.57,133.52,high,low,7,dynadot,,,28/09/2026 14:02
f5963897-c370-425f-acbd-2194c4611e44,equivalence.creditcard,available,5.66,129.25,medium,low,11,porkbun,,,28/09/2026 21:10
8daeb67d-12d1-4e92-a657-fc64adf0ef59,slyly.creditcard,available,144.99,144.99,medium,low,5,namesilo,,,14/09/2026 09:08
134213f4-1640-49b5-b0f7-aebe15eed909,humane.creditcard,available,144.99,144.99,high,low,6,namesilo,,,25/09/2026 06:31
b327aa50-c2a1-4f82-8b96-996987faab3c,launch.creditcard,available,144.99,144.99,high,medium,6,namesilo,,,30/09/2026 04:29
6c3cfbd1-33d5-49c7-9490-868f570ee356,alteration.creditcard,available,156.98,168.98,high,low,10,namecheap,,,18/09/2026 14:42
8da91663-e1f6-4eca-a7fd-7f4d2995c320,tiffany.creditcard,available,156.98,168.98,high,low,7,namecheap,,,30/09/2026 02:10
07fd46b3-d971-4a19-8d56-285e3aa0b483,briss.creditcard,available,144.99,144.99,medium,low,5,namesilo,,,23/09/2026 09:30
3d876c17-60b6-417c-b3f6-c16275b83e0a,detective.creditcard,available,144.99,144.99,high,low,9,namesilo,,,29/09/2026 14:16
308b088e-552e-4a24-aa4c-903c82761abc,tubular.creditcard,available,9.99,236.99,medium,low,7,name.com,,,11/08/2026 17:14
fbc1f93d-7ff6-47e3-9d7e-5668384e4ebc,dna.creditcard,available,125.2,125.2,high,medium,3,cloudflare,,,29/09/2026 14:01
80e9bf9c-7933-4945-a203-322cd30e9317,drops.creditcard,available,144.99,144.99,medium,low,5,namesilo,,,18/09/2026 04:47
dfa694ee-5681-47f0-a2b8-0761202170d9,bethany.creditcard,available,156.98,168.98,medium,low,7,namecheap,,,28/09/2026 07:45
ee114c36-6559-4b2c-98c3-741dc40a40a1,cleaning.creditcard,available,9.99,236.99,high,low,8,name.com,,,12/08/2026 10:25
4bbdda83-86bc-43f9-bfaa-e213dd0fad79,tired.creditcard,available,144.99,144.99,medium,low,5,namesilo,,,22/09/2026 16:41
02ea0ebf-a424-4d1a-9b74-7b5449f3bf12,frozen.creditcard,available,156.98,168.98,high,low,6,namecheap,,,24/09/2026 19:29
1686c60f-1fa9-465f-8c0b-152a25686535,condo.creditcard,available,129.2,129.2,high,low,5,spaceship,,,29/09/2026 10:41
eee8d745-edd6-4348-8591-205033ac0417,medicines.creditcard,available,129.2,129.2,medium,low,9,spaceship,,,30/09/2026 06:22
cc9cafc0-bf89-43a7-9376-9ca30625c004,rabbit.creditcard,available,144.99,144.99,high,low,6,namesilo,,,25/09/2026 08:52
e88ea3f0-aacb-47f8-807d-35cec656c96e,biggish.creditcard,available,9.99,236.99,medium,low,7,name.com,,,09/08/2026 20:33
c5335299-0a7f-4e98-ad2c-26b776cb6173,crosses.creditcard,available,129.2,129.2,medium,low,7,spaceship,,,28/09/2026 17:44
e0e361cd-4cd5-4a3c-895d-c289fb010857,outer.creditcard,available,129.2,129.2,high,low,5,spaceship,,,01/10/2026 03:47
be62dbc4-7aac-4ceb-b3bf-3475e3bd6e47,linger.creditcard,available,144.99,144.99,medium,low,6,namesilo,,,11/09/2026 08:37
1fb84cf6-2348-46dc-84dc-51e8fd90935b,monotony.creditcard,available,9.99,236.99,medium,low,8,name.com,,,21/08/2026 15:10
5d6eab21-07fb-4be8-8ae4-7210a70fe7dd,stop.creditcard,available,144.99,144.99,high,low,4,namesilo,,,24/09/2026 23:23
2d4314a1-183f-42e1-9fbe-633070cfda41,nobel.creditcard,available,144.99,144.99,high,low,5,namesilo,,,18/09/2026 06:24
9760c2d5-17b8-4429-8a89-fce57aacfafd,pig.creditcard,available,5.66,129.25,high,low,3,porkbun,,,29/09/2026 11:33
ada7f612-e50b-4302-893c-ed1d6f0e785c,conquer.creditcard,available,156.98,168.98,high,low,7,namecheap,,,30/09/2026 17:51
99b39b43-69f9-4adb-a1ce-d75dedafb1f2,deception.creditcard,available,156.98,168.98,high,low,9,namecheap,,,24/09/2026 17:22
6523dd5d-8aaa-4fce-9bf1-eadb7b136473,grandchildren.creditcard,available,9.99,236.99,medium,low,13,name.com,,,
b5a45fa1-d5d3-433c-9cc3-3406415ed4dc,oakland.creditcard,premium,242,242,high,low,7,namesilo,,,30/09/2026 05:55
e2ed82e7-7eb2-49d4-8d1f-95e2165b8001,chance.creditcard,available,144.99,144.99,high,low,6,namesilo,,,23/09/2026 13:44
84ea25ad-cb42-45a1-b6d3-df5587f81da8,planter.creditcard,available,125.2,125.2,high,low,7,cloudflare,,,30/09/2026 18:21
22a88ebc-969e-4b78-9851-7f3962af9c97,questionable.creditcard,available,144.99,144.99,medium,low,12,namesilo,,,29/09/2026 02:59
9d20799a-e172-49fd-ae52-e41af8618b21,lxxv.creditcard,available,9.99,236.99,medium,low,4,name.com,,,
10e7da05-4db6-4db1-89c6-bfe8cf68fc63,scrupulous.creditcard,available,9.99,236.99,high,low,10,name.com,,,12/08/2026 22:22
0491d7b6-08d1-4887-b0a4-aab2cb8f060c,parted.creditcard,available,144.99,144.99,medium,low,6,namesilo,,,08/09/2026 01:57
1bb7f386-2b2e-4ec2-a2fc-4f3caf63bca9,arsenal.creditcard,available,144.99,144.99,high,low,7,namesilo,,,20/09/2026 09:36
19ef2ea2-b9d4-40d0-8a0b-8e30c995d468,nominees.creditcard,available,144.99,144.99,high,low,8,namesilo,,,30/09/2026 16:22
22c3714f-74b1-43d6-816b-af7eebf833b2,ambition.creditcard,available,144.99,144.99,high,low,8,namesilo,,,18/09/2026 16:53
e8d772e2-8b0f-4912-a71f-d4f5a375ebfd,modified.creditcard,available,9.99,236.99,high,low,8,name.com,,,25/08/2026 03:15
7bba92e3-d62b-44f6-90be-5b52769cb1d7,parrish.creditcard,available,144.99,144.99,medium,low,7,namesilo,,,28/09/2026 14:51
5b210c85-abd5-4755-9039-e277d41788cb,discussing.creditcard,available,144.99,144.99,medium,low,10,namesilo,,,27/09/2026 11:01
66916368-87d9-4e07-99b7-158da1df2fd2,studios.creditcard,available,156.98,168.98,medium,low,7,namecheap,,,18/09/2026 18:25
68d71e98-b48f-4d3a-92f4-4c6510ffe24d,carmelite.creditcard,available,9.99,236.99,medium,low,9,name.com,,,11/08/2026 19:22
7ea0c4d4-ed68-44fe-b563-cb901c80896a,ghastly.creditcard,available,9.99,236.99,medium,low,7,name.com,,,12/08/2026 02:39
4468d013-891e-441e-96d1-1f456cc562a4,opponents.creditcard,available,144.99,144.99,low,low,9,namesilo,,,29/09/2026 16:42
c5633b70-2ca0-4369-8076-375222cd6704,excite.creditcard,available,144.99,144.99,high,low,6,namesilo,,,30/09/2026 02:49
e0c1e08d-3dee-43b1-b1fc-49f56d9238a9,gardiner.creditcard,available,144.99,144.99,medium,low,8,namesilo,,,25/09/2026 06:17
fb9d6788-e9f5-452b-8fcc-23a5afa81a50,banks.creditcard,resell,,,high,low,5,"Sav.com, LLC",27/04/2026 10:43,27/04/2027 10:43,26/09/2026 04:15
11ed32d3-3d93-4710-b4f4-8cbf62758ad5,resistance.creditcard,available,144.99,144.99,high,low,10,namesilo,,,12/09/2026 07:26
2c8e16d0-842c-497b-aae6-7ac42a48a2c3,trusty.creditcard,available,144.99,144.99,high,low,6,namesilo,,,11/09/2026 20:49
357ca993-a8f9-42b8-9753-63adb3434c18,success.creditcard,available,125.2,125.2,high,low,7,cloudflare,,,28/09/2026 17:50
c7649d9a-08e9-4ba3-a2e7-9e44c84d3115,cherimoya.creditcard,available,156.98,168.98,medium,low,9,namecheap,,,19/09/2026 10:32
69a60de6-f31e-4d42-ae34-0e615cde93c4,observer.creditcard,available,144.99,144.99,high,low,8,namesilo,,,27/09/2026 03:30
f6b3b9c5-9b46-49a8-acf4-dda8a5c2cb14,gonzalez.creditcard,available,144.99,144.99,high,low,8,namesilo,,,25/09/2026 16:13
b7230d72-52bc-49c2-a236-e3aeaa1e1c2c,marcellus.creditcard,available,144.99,144.99,medium,low,9,namesilo,,,29/09/2026 15:33
fe6af5b6-47b3-489a-b673-b5d813039879,casual.creditcard,available,144.99,144.99,high,low,6,namesilo,,,23/09/2026 13:14
e7c37bd3-c4ec-4314-9ee7-34309c49475b,hickman.creditcard,available,156.98,168.98,high,low,7,namecheap,,,28/09/2026 16:11
bb92c0f8-6ffd-469d-ad3f-40316b3ab9b3,brink.creditcard,available,144.99,144.99,high,low,5,namesilo,,,24/09/2026 10:33
7a0cc424-ea2b-4104-9d47-019d1b69982d,frizzy.creditcard,available,9.99,236.99,medium,low,6,name.com,,,18/08/2026 16:08
73235ef8-140d-4581-b653-6ff8a41bd89d,cavalier.creditcard,available,9.99,236.99,high,low,8,name.com,,,11/08/2026 22:48
e00547de-e85b-4f67-859d-70d898875e0d,transmission.creditcard,available,144.99,144.99,high,low,12,namesilo,,,27/09/2026 08:37
91e2ecb1-dc5a-46ad-8515-49c89692f929,cindy.creditcard,available,9.99,,high,low,5,name.com,,,
d20e56b6-e651-453b-aa2e-48d9d3ff8cd6,workaday.creditcard,available,9.99,236.99,medium,low,8,name.com,,,17/08/2026 14:58
a20b5f96-1d0e-4119-b1ea-45e47bf17759,trickily.creditcard,available,144.99,144.99,low,low,8,namesilo,,,14/09/2026 09:11
c7d16343-789a-439a-ae96-91dae2a7046f,djiboutian.creditcard,available,9.99,236.99,medium,low,10,name.com,,,14/08/2026 14:08
6d63df5b-758a-4ab3-b220-81e4a8da6c1b,lds.creditcard,available,144.99,144.99,high,low,3,namesilo,,,28/09/2026 08:25
eae971d1-a0d8-4d00-8a0a-c23e2f9814e9,tod.creditcard,available,144.99,144.99,high,low,3,namesilo,,,11/09/2026 16:39
9e1407d1-99b9-44e0-9ae7-a9fa541d123c,vertical.creditcard,available,144.99,144.99,high,low,8,namesilo,,,24/09/2026 14:52
9f6caa8e-708b-4066-aedb-1c7b8b43859d,unashamed.creditcard,available,144.99,144.99,medium,low,9,namesilo,,,12/09/2026 01:08
fba9b7b3-6a99-4c18-83b5-db99e87a7d74,chengdu.creditcard,available,144.99,144.99,medium,low,7,namesilo,,,30/09/2026 04:52
bbc3586f-ec0d-4948-ad2d-82c1d23e1365,aramus.creditcard,available,144.99,144.99,medium,low,6,namesilo,,,19/09/2026 23:57
00c05736-4dc9-407e-8b34-387bac585558,dietrich.creditcard,available,144.99,144.99,high,low,8,namesilo,,,27/09/2026 03:44
22b0734a-c131-4169-9d0f-0cf5c04c4ed1,undeniable.creditcard,available,9.99,236.99,high,low,10,name.com,,,12/09/2026 07:15
bffecac4-8a4c-4a02-903f-07f0f92044be,bawling.creditcard,available,144.99,144.99,medium,low,7,namesilo,,,13/09/2026 07:42
0ba5a303-3e69-4333-b789-70f981653f58,childhood.creditcard,available,144.99,144.99,high,low,9,namesilo,,,29/09/2026 08:38
658f0f92-6806-4875-843b-f53893a844ba,maoist.creditcard,available,9.99,236.99,medium,low,6,name.com,,,24/08/2026 15:38
61fe6622-d1e4-4d5f-9c23-f94e28a45479,twinned.creditcard,available,9.99,236.99,high,low,7,name.com,,,24/08/2026 16:58
cdf6e2e5-28de-42f2-91ea-51c843dacc6b,epochs.creditcard,available,144.99,144.99,low,low,6,namesilo,,,30/09/2026 15:49
4c9ab745-7be7-40b3-b7ec-210a4d802a82,coursework.creditcard,available,129.2,129.2,high,low,10,spaceship,,,30/09/2026 16:49
f024a430-4132-4a8d-a23f-fd712faf2343,lenny.creditcard,available,156.98,168.98,medium,low,5,namecheap,,,28/09/2026 18:21
b9847790-32ff-43e1-b642-de082f668c45,eccentric.creditcard,available,9.99,236.99,high,low,9,name.com,,,10/08/2026 09:50
7eb1b144-bc21-4795-ad2d-c1d4df70ed97,ost.creditcard,available,144.99,144.99,high,low,3,namesilo,,,29/09/2026 03:13
225ffc08-3f63-4392-a656-10a3c2fc8067,crops.creditcard,available,144.99,144.99,medium,low,5,namesilo,,,29/09/2026 04:57
557e1cfb-bae5-4fa1-9166-9d9da74e56af,naomi.creditcard,available,129.2,129.2,medium,low,5,spaceship,,,28/09/2026 14:57
8e28d13d-23c3-491a-a560-5e3846ad0e68,monotone.creditcard,available,9.99,236.99,high,low,8,name.com,,,25/08/2026 05:25
0d87da3f-5aa9-4359-be7f-290c52009992,aarhus.creditcard,available,144.99,144.99,medium,low,6,namesilo,,,16/09/2026 13:27
218872e0-110a-4e08-8d74-add5fbf34d80,autism.creditcard,available,144.99,144.99,high,low,6,namesilo,,,21/09/2026 05:28
17d870b7-42e5-408f-818a-7ab74d1eea16,luckily.creditcard,available,156.98,168.98,high,low,7,namecheap,,,13/09/2026 21:22
94cf3a25-9b1b-415c-adfa-b4186a6029c5,slaveless.creditcard,available,9.99,236.99,medium,low,9,name.com,,,18/08/2026 14:44
3bdba305-546d-4b3b-8ffa-7fb645c7a0aa,graz.creditcard,available,144.99,144.99,medium,low,4,namesilo,,,29/09/2026 01:07
514d304c-f1de-4bc6-a841-690fcbbf1638,supplier.creditcard,available,144.99,144.99,high,low,8,namesilo,,,30/09/2026 08:15
bae691f2-7313-47b8-a140-a8048e1df4b0,congestion.creditcard,available,144.99,144.99,high,low,10,namesilo,,,29/09/2026 10:56
65079c08-2a7e-4e43-9227-febb904ffb0b,occident.creditcard,available,144.99,144.99,medium,low,8,namesilo,,,13/09/2026 10:49
d8648239-638a-41c4-b16e-ec49e61f0c9b,mandel.creditcard,available,125.2,125.2,medium,low,6,cloudflare,,,29/09/2026 16:32
343b59b2-fbd2-47d9-bb51-b2be9fad4b46,handbook.creditcard,available,144.99,144.99,high,low,8,namesilo,,,29/09/2026 12:11
83f307c6-4615-4908-9951-f3419a7dcfd2,stormbound.creditcard,available,156.98,168.98,low,low,10,namecheap,,,10/09/2026 21:22
75d2ae29-dad5-4ea3-8100-27b2a7426107,cadenced.creditcard,available,9.99,236.99,medium,low,8,name.com,,,11/08/2026 12:46
98339802-b749-4d1f-8b39-46eafd9934b9,emblematic.creditcard,available,9.99,236.99,high,low,10,name.com,,,16/08/2026 09:29
cbcaaef2-f4da-4f97-9244-cee2f5e574ca,regensburg.creditcard,available,125.2,125.2,high,low,10,cloudflare,,,30/09/2026 05:03
51148ecf-2c72-46e2-bbe2-12d6ce0ea6a0,huntingdon.creditcard,available,129.2,129.2,medium,low,10,spaceship,,,28/09/2026 17:57
2a98073f-a361-4b04-a033-2102b30ada99,animals.creditcard,available,9.99,,high,low,7,name.com,,,
13f311aa-5da3-4658-a840-8e9c5f11abec,ghosts.creditcard,available,144.99,144.99,medium,low,6,namesilo,,,18/09/2026 22:14
154749ce-a3b8-4762-ad63-addd4446e196,beautician.creditcard,available,144.99,144.99,high,low,10,namesilo,,,22/09/2026 22:22
7c5d8fb3-ee9d-49b9-828c-c12153eebee5,character.creditcard,available,9.99,236.99,high,low,9,name.com,,,24/09/2026 13:45
0fbb2e66-fb76-4360-9405-0494d76eff3b,vols.creditcard,available,144.99,144.99,medium,low,4,namesilo,,,27/09/2026 11:41
aa0b0d93-1fd6-46b7-9153-90017d91c2e6,missing.creditcard,available,144.99,144.99,high,low,7,namesilo,,,25/09/2026 16:55
8864a53f-a0cb-493d-ab4c-b8d7b49f93c5,carrick.creditcard,available,129.2,129.2,medium,low,7,spaceship,,,30/09/2026 20:19
877b18b8-d8f0-45de-af96-b09a88496c2e,register.creditcard,premium,854,854,high,low,8,namesilo,,,25/09/2026 22:07
ce78166e-25e1-4dc0-b990-9789c4c78797,elmo.creditcard,available,129.2,129.2,high,low,4,spaceship,,,30/09/2026 05:11
5fd3beaf-e145-4103-a2b4-8c56919fcc29,obviously.creditcard,available,144.99,144.99,high,low,9,namesilo,,,27/09/2026 03:52
87305c80-bb62-4473-a4cc-d972fdc69be2,navigate.creditcard,available,129.2,129.2,high,low,8,spaceship,,,28/09/2026 20:45
6277a6a8-a626-4917-8257-514532de0eb7,intuition.creditcard,available,5.57,133.52,high,low,9,dynadot,,,28/09/2026 19:28
d4d68294-f718-4c0c-9226-886880eb6563,aca.creditcard,available,129.2,129.2,high,low,3,spaceship,,,29/09/2026 09:04
baece072-4148-4eaf-ab09-094f25714805,burnable.creditcard,available,9.99,236.99,medium,low,8,name.com,,,11/08/2026 10:44
0e7d76f8-0e1e-4c6e-b8f6-5aaba0fc8375,hammy.creditcard,available,9.99,236.99,medium,low,5,name.com,,,20/08/2026 23:05
7ea3acae-59b4-45da-811c-4f73bd12135f,techy.creditcard,available,9.99,236.99,medium,low,5,name.com,,,22/08/2026 10:32
14e7e959-e323-4161-8a32-69a390dcfb21,fathers.creditcard,available,144.99,144.99,medium,low,7,namesilo,,,27/09/2026 09:58
c06c550f-5998-4115-8284-d81b0e612da2,mersey.creditcard,available,144.99,144.99,medium,low,6,namesilo,,,30/09/2026 13:10
c1ab8b68-185b-4b50-bf3c-1bbb1046117f,singled.creditcard,available,129.2,129.2,medium,low,7,spaceship,,,30/09/2026 06:31
4ecb48b2-06e3-4473-aac1-1de66395526a,motion.creditcard,available,129.2,129.2,high,medium,6,spaceship,,,28/09/2026 21:51
731c343d-8883-4dd2-a83f-8135b01ab222,hewn.creditcard,available,9.99,236.99,medium,low,4,name.com,,,20/08/2026 23:16
548b845d-ee78-4e07-b102-26e0b4f82357,didactic.creditcard,available,9.99,236.99,high,low,8,name.com,,,14/08/2026 06:41
dc9fa03f-76ce-4e63-9928-2027ea4215b0,gar.creditcard,available,144.99,144.99,medium,low,3,namesilo,,,23/09/2026 16:11
7a6678c2-126f-4299-bd8b-f6300c85031c,pistol.creditcard,available,156.98,168.98,high,low,6,namecheap,,,27/09/2026 04:22
0202bd8d-f33c-440c-afb4-181cba597ffb,clastic.creditcard,available,9.99,236.99,medium,low,7,name.com,,,12/08/2026 09:56
5e295005-7da7-4489-a287-43234c84c450,acknowledge.creditcard,available,249.99,249.99,high,low,11,godaddy,,,01/10/2026 00:33
4707a6eb-c7d6-4a3c-a336-dc6ae60ef18a,allotropic.creditcard,available,9.99,236.99,medium,low,10,name.com,,,
2f0b623c-ee4f-4837-aadb-92d536af69b2,yogic.creditcard,available,144.99,144.99,medium,low,5,namesilo,,,13/09/2026 14:41
69ca6a5c-24e9-4382-98af-00fc8c333f00,buxom.creditcard,available,9.99,236.99,medium,low,5,name.com,,,10/08/2026 20:28
18647793-8ee0-4231-bfd3-067258fbb346,firstborn.creditcard,available,9.99,236.99,high,low,9,name.com,,,16/08/2026 02:17
0873ce38-fe15-4076-8a23-3cbcc6c694fc,penthouse.creditcard,available,144.99,144.99,high,low,9,namesilo,,,29/09/2026 07:51
668a4960-dcf0-4e38-97cc-6b6247e0a8fc,bipolar.creditcard,available,9.99,236.99,high,low,7,name.com,,,10/08/2026 05:30
7bdecb63-29d9-4cf4-b1c4-cc8113a07eae,jolly.creditcard,available,144.99,144.99,high,low,5,namesilo,,,25/09/2026 11:52
2fc34d40-102e-43a1-895e-689087afe054,annealing.creditcard,available,144.99,144.99,high,low,9,namesilo,,,11/09/2026 10:58
722b2c7f-45ac-4b32-9287-00935abe9a6c,colorise.creditcard,available,9.99,236.99,medium,low,8,name.com,,,12/08/2026 17:36
ebe6e98b-4658-48b2-8bf6-176005e8d614,commandments.creditcard,available,129.2,129.2,medium,low,12,spaceship,,,30/09/2026 07:22
7f027e73-82d8-4409-a1fe-f01553022486,distaste.creditcard,available,144.99,144.99,medium,low,8,namesilo,,,19/09/2026 14:55
3261d79f-6c65-436d-82cf-a4acc2b9ff7a,pliant.creditcard,available,9.99,236.99,high,low,6,name.com,,,09/08/2026 14:11
3534f057-a348-497f-8329-96d91bef11df,holliday.creditcard,available,5.57,133.52,medium,low,8,dynadot,,,29/09/2026 04:32
01016eb9-0147-4e27-aa51-3450930ca093,anomaly.creditcard,available,144.99,144.99,high,low,7,namesilo,,,19/09/2026 11:28
03a6fa4c-fc5a-475e-bf46-6c387f813b1e,favourite.creditcard,available,9.99,236.99,high,low,9,name.com,,,13/08/2026 18:17
17472848-5fd8-445d-ae48-6fcaa09c1578,viet.creditcard,available,144.99,144.99,high,low,4,namesilo,,,27/09/2026 07:07
d0b77060-07fd-43c9-ba57-17fa0bc01bac,taxa.creditcard,available,144.99,144.99,medium,low,4,namesilo,,,25/09/2026 17:29
de197db9-29f4-47ec-bd96-2c4edf08775e,callaway.creditcard,available,129.2,129.2,high,low,8,spaceship,,,29/09/2026 23:03
93d05ba3-b161-4552-ab9e-ac7c28895861,title.creditcard,available,129.2,129.2,high,low,5,spaceship,,,28/09/2026 09:03
fdad0d4f-d4f0-40be-98ec-35ec527daf0d,admission.creditcard,available,156.98,168.98,high,low,9,namecheap,,,16/09/2026 22:12
383387db-d7c0-488f-95a1-387ea7d08be2,playlists.creditcard,available,144.99,144.99,medium,low,9,namesilo,,,21/09/2026 09:24
6b24b8f0-14d4-4d46-98fb-fd5eb68a9461,pabulum.creditcard,available,9.99,236.99,medium,low,7,name.com,,,12/08/2026 18:49
3afa5dc2-7476-457b-aa53-91ef4419a148,fcc.creditcard,available,144.99,144.99,high,low,3,namesilo,,,25/09/2026 05:53
8c7e607b-1c3b-42d2-9fc0-c7fc87828b39,mawr.creditcard,available,129.2,129.2,medium,low,4,spaceship,,,28/09/2026 21:42
a172ad75-f621-4610-9046-0bceb5248113,demonstrations.creditcard,available,9.99,,medium,low,14,name.com,,,
c049408b-7bd9-4250-bd78-e8d161cf62cf,arb.creditcard,available,156.98,168.98,high,low,3,namecheap,,,20/09/2026 00:31
3f4b3f66-740d-4811-97cf-058e8723f0cf,interaction.creditcard,available,129.2,129.2,high,low,11,spaceship,,,29/09/2026 04:54
ff13adff-ced9-47f8-8ce7-11de7e909e0e,returning.creditcard,available,129.2,129.2,high,low,9,spaceship,,,27/09/2026 13:35
bea49925-aeec-49c9-b161-b8426cca2b30,moo.creditcard,available,9.99,236.99,high,low,3,name.com,,,24/08/2026 10:19
c7af6749-57e8-453e-a9d3-82a90e648527,squeezable.creditcard,available,144.99,144.99,high,low,10,namesilo,,,10/09/2026 17:41
edb757c6-78d6-4bc7-ae2e-816d33ef55f3,documentary.creditcard,available,125.2,125.2,high,low,11,cloudflare,,,28/09/2026 04:30
713fb536-ad2d-4073-a4b5-167dfff45d4a,enchanting.creditcard,available,9.99,236.99,medium,low,10,name.com,,,09/08/2026 18:21
549c1fa5-fba3-46ae-885f-3dee34e9da1d,anchor.creditcard,available,144.99,144.99,high,medium,6,namesilo,,,19/09/2026 03:39
d55a404f-ee5e-4f14-be1d-4d77a5b541b9,prism.creditcard,available,5.57,133.52,high,medium,5,dynadot,,,30/09/2026 18:13
99029faa-16b3-4c1a-a20f-9d7c159ebd9c,accidents.creditcard,available,129.2,129.2,medium,low,9,spaceship,,,28/09/2026 05:03
4bf4dd56-4850-4e01-ba49-404f0bd5c734,floating.creditcard,available,9.99,236.99,high,low,8,name.com,,,14/08/2026 19:14
7638182d-9780-4aba-9680-1a930f2648ea,orchid.creditcard,available,129.2,129.2,high,low,6,spaceship,,,28/09/2026 20:03
d2b3fc50-dcb4-4824-bd74-d929983986be,pentagon.creditcard,available,129.2,129.2,high,low,8,spaceship,,,28/09/2026 06:34
c4b38eb7-e392-4ae2-abf5-0974a5fc30fa,augustus.creditcard,available,156.98,168.98,high,low,8,namecheap,,,21/09/2026 04:02
15b7b273-e3c4-4c69-a704-77fdb604d911,tahiti.creditcard,available,129.2,129.2,high,low,6,spaceship,,,29/09/2026 20:28
92c5f8a6-b241-42ed-ab7f-aa376f23471b,tablet.creditcard,available,5.57,133.52,high,low,6,dynadot,,,28/09/2026 20:05
dc089d16-6447-42e6-ab22-6170dbb10c17,adaptor.creditcard,available,144.99,144.99,high,low,7,namesilo,,,17/09/2026 06:32
2c3a6368-b748-471b-9c08-1e7580842b3b,feeds.creditcard,available,144.99,144.99,medium,low,5,namesilo,,,28/09/2026 17:27
555834b9-aedf-4255-94bb-3d63d6664077,flor.creditcard,available,9.99,,high,low,4,name.com,,,
f3a4b07e-ccb7-4987-9150-a4b732def21c,venushair.creditcard,available,144.99,144.99,medium,low,9,namesilo,,,17/09/2026 08:07
5df5b82d-dac1-4b12-807a-7dd1984a0abc,ardea.creditcard,available,144.99,144.99,medium,low,5,namesilo,,,20/09/2026 03:04
33792ed7-b23f-4395-a921-3d7daaaa1b9b,consul.creditcard,available,156.98,168.98,high,low,6,namecheap,,,24/09/2026 17:37
11e6ecc8-8f51-46c0-b897-09977ff609ff,narrow.creditcard,available,144.99,144.99,high,low,6,namesilo,,,03/09/2026 13:22
c8069137-7128-4c4f-abcb-95a5cdc47a5e,beehive.creditcard,available,144.99,144.99,high,low,7,namesilo,,,23/09/2026 01:16
8b300768-9a04-4050-922c-7cb10ee188fb,dance.creditcard,available,156.98,168.98,high,low,5,namecheap,,,24/09/2026 20:57
cd22dd51-d1ae-4ff1-897a-55e9ea1969c1,pathetic.creditcard,available,9.99,236.99,medium,low,8,name.com,,,20/08/2026 23:50
c1daa54f-fad3-4438-ae15-babf93dc3177,thought.creditcard,available,156.98,168.98,high,low,7,namecheap,,,28/09/2026 09:13
f24cc87b-7638-4fbc-8563-cfac949ec73c,homosexuals.creditcard,available,125.2,125.2,low,low,11,cloudflare,,,01/10/2026 00:33
0851009f-302b-4185-8cca-62bc318bfe95,missile.creditcard,available,144.99,144.99,high,low,7,namesilo,,,27/09/2026 07:17
b71a3e0a-b20a-437b-8d57-e7a7bb85d004,reebok.creditcard,available,9.99,,high,low,6,name.com,,,
607efa07-09a8-457e-aad5-af5b3b92ed8f,papal.creditcard,available,9.99,236.99,medium,low,5,name.com,,,06/08/2026 04:09
cd3076a4-d39c-4289-91dd-322242e6c5e5,astronium.creditcard,available,156.98,168.98,medium,low,9,namecheap,,,20/09/2026 18:03
1280f4e0-4f32-4904-bb14-b5d4aa0e468a,relation.creditcard,available,144.99,144.99,high,low,8,namesilo,,,27/09/2026 11:47
e3aa1a27-8e54-4465-9c29-8feb13693e14,generously.creditcard,available,9.99,236.99,high,low,10,name.com,,,14/09/2026 21:14
b3b90c93-1bc7-4d5f-9940-1754ae191b77,quail.creditcard,available,144.99,144.99,high,low,5,namesilo,,,01/10/2026 02:11
245fe6f9-e27a-4f9b-9cdd-69be9b088817,cheerleader.creditcard,available,129.2,129.2,high,low,11,spaceship,,,29/09/2026 21:07
ce39be2c-6805-4258-91b2-e6bab0fdb13a,longhand.creditcard,available,9.99,236.99,high,low,8,name.com,,,13/08/2026 11:38
a0e610b5-d7dd-4858-96b3-35553e2ef466,importantly.creditcard,available,9.99,,medium,low,11,name.com,,,
8c2c7e9e-278d-468d-adcb-74d808adf2aa,draws.creditcard,available,9.99,236.99,high,low,5,name.com,,,
d7cbf093-8f2d-4106-b64a-0422704839c7,upwardly.creditcard,available,144.99,144.99,medium,low,8,namesilo,,,12/09/2026 22:57
2cf93330-71f8-4ce7-9b6b-b8473ee60b17,astarte.creditcard,available,144.99,144.99,medium,low,7,namesilo,,,20/09/2026 14:01
6e37e5ad-833b-41e5-bb98-f68da1c88bda,beethoven.creditcard,available,156.98,168.98,high,low,9,namecheap,,,23/09/2026 01:53
14155c6e-ec6a-4ec3-b046-e7e3e967e9a9,brilliant.creditcard,available,144.99,144.99,high,low,9,namesilo,,,23/09/2026 02:12
05cb076f-8682-4a09-b579-fdfe86ccd5c6,variations.creditcard,available,156.98,168.98,medium,low,10,namecheap,,,18/09/2026 20:13
ea920adf-192b-495f-8671-f6a63a13fb8f,millenary.creditcard,available,9.99,236.99,medium,low,9,name.com,,,24/08/2026 23:13
f1afe3fa-cc21-4696-b1b1-46e19b5d885d,sports.creditcard,available,9.99,,high,medium,6,name.com,,,
d2e2e81b-ecb9-4a0d-a825-6b487d16c34a,beluga.creditcard,available,156.98,168.98,high,low,6,namecheap,,,17/09/2026 01:49
471f2979-d2d0-4d21-839f-c2add58c1e94,avesta.creditcard,available,156.98,168.98,medium,low,6,namecheap,,,21/09/2026 09:22
b947538a-5e97-4624-91b4-02cfcd3dfdb3,trustees.creditcard,available,129.2,129.2,medium,low,8,spaceship,,,29/09/2026 23:08
6ca4cd7a-5aef-4202-9b82-c843246941bf,che.creditcard,available,144.99,144.99,high,low,3,namesilo,,,29/09/2026 02:51
46abea36-ffe5-4470-8132-860cd1608361,staring.creditcard,available,156.98,168.98,high,low,7,namecheap,,,21/09/2026 22:19
3b186dd6-89db-4336-9491-81cfe82e5826,vesalius.creditcard,available,156.98,168.98,medium,low,8,namecheap,,,19/09/2026 04:28
dadd1c1c-f37e-4ff3-b75d-bb69a2c942bf,brazen.creditcard,available,9.99,236.99,high,low,6,name.com,,,11/08/2026 02:54
63fc2333-30c8-48c6-b875-73f4f0ef31b5,sultan.creditcard,available,129.2,129.2,high,low,6,spaceship,,,29/09/2026 12:57
1b097969-d4a8-49e3-95a4-6bd604cbc20c,understand.creditcard,available,156.98,168.98,high,low,10,namecheap,,,30/09/2026 18:59
126a4aee-93cb-4916-9f6b-fb5e5074dc9b,rosemary.creditcard,available,129.2,129.2,high,low,8,spaceship,,,28/09/2026 10:51
3a5ad6a4-f4f0-420e-ab13-db78008edcc9,blasted.creditcard,available,9.99,236.99,medium,low,7,name.com,,,10/08/2026 12:35